SP_ID,stroke_exp,pop,y,Townsend.class,NOx.class,Townsend,NOx,Offset
05CGFA01,2.620953252,931.65,3,"[-6.54,-2.07]","(41.4,53.6]",1,2,-2.549570018
05CGFA02,1.989744187,710.36,1,"(-2.07,0.086]","(82.1,243]",2,5,-2.551463072
05CGFA03,2.286056033,654.12,3,"(0.086,3.11]","(82.1,243]",3,5,-2.455050101
05CGFA04,2.151745813,1109.37,0,"(-2.07,0.086]","(82.1,243]",2,5,-2.711442271
05CGFA05,4.380834231,1159.31,1,"(-2.07,0.086]","(53.6,64.8]",2,3,-2.420998529
05CGFA06,3.09495364,1020.21,5,"[-6.54,-2.07]","(53.6,64.8]",1,3,-2.516715931
05CGFA07,8.524773222,1513.75,1,"(0.086,3.11]","(41.4,53.6]",3,2,-2.246918654
05CGFA08,3.966622776,1159.66,11,"(-2.07,0.086]","(41.4,53.6]",2,2,-2.464421723
05CGFA09,2.156440443,1219.78,1,"(-2.07,0.086]","(53.6,64.8]",2,3,-2.751775574
05CGFA10,2.522882198,1068.9,3,"(-2.07,0.086]","(64.8,82.1]",2,4,-2.626013845
05CGFA11,2.566883456,1374.69,4,"(0.086,3.11]","(64.8,82.1]",3,4,-2.72798693
05CGFA12,3.262822757,898.04,3,"(-2.07,0.086]","(64.8,82.1]",2,4,-2.438121415
05CGFA13,5.220843245,1510.25,12,"[-6.54,-2.07]","(53.6,64.8]",1,3,-2.45980426
05CGFA14,4.41029567,1184.51,2,"[-6.54,-2.07]","(53.6,64.8]",1,3,-2.427450996
05CGFA15,2.925478267,833.92,2,"(-2.07,0.086]","(53.6,64.8]",2,3,-2.453401285
05CGFA16,2.375707574,918.65,2,"[-6.54,-2.07]","(64.8,82.1]",1,4,-2.58623252
05CGFA17,2.687291984,914.03,5,"(-2.07,0.086]","(53.6,64.8]",2,3,-2.530366866
05CGFA18,3.122287537,987.69,1,"(-2.07,0.086]","(53.6,64.8]",2,3,-2.498772694
05CGFA19,2.866227583,798.07,1,"(-2.07,0.086]","(64.8,82.1]",2,4,-2.443167761
05CGFA20,2.302691407,564.55,2,"[-6.54,-2.07]","(64.8,82.1]",1,4,-2.387691645
05CGFA21,3.735562341,1129.16,2,"[-6.54,-2.07]","(41.4,53.6]",1,2,-2.478960353
05CGFA22,6.217194176,1669.95,4,"[-6.54,-2.07]","(53.6,64.8]",1,3,-2.427489149
05CGFA23,2.212298028,880.54,1,"[-6.54,-2.07]","(64.8,82.1]",1,4,-2.598812948
05CGFA24,3.761081556,1087.31,3,"(-2.07,0.086]","(41.4,53.6]",2,2,-2.459535772
05CGFA25,4.561301587,1352.17,5,"[-6.54,-2.07]","(41.4,53.6]",1,2,-2.470475017
05CGFA26,6.579259254,1762.42,4,"(0.086,3.11]","(41.4,53.6]",3,2,-2.426308122
05CGFA27,2.742550738,1103.37,1,"[-6.54,-2.07]","[7.8,41.4]",1,1,-2.603485669
05CGFA28,3.756467469,1192.45,1,"[-6.54,-2.07]","(41.4,53.6]",1,2,-2.500290268
05CGFA29,3.433368817,1007.64,4,"(-2.07,0.086]","(41.4,53.6]",2,2,-2.466102626
05CGFA30,2.895123925,1372.79,4,"[-6.54,-2.07]","(53.6,64.8]",1,3,-2.675020083
05CGFA31,8.996857971,1530.43,1,"(3.11,5.44]","(53.6,64.8]",4,3,-2.228162008
05CGFA32,3.387399888,1065.66,3,"[-6.54,-2.07]","(41.4,53.6]",1,2,-2.496369511
05CGFA33,3.539841212,1076.52,0,"[-6.54,-2.07]","[7.8,41.4]",1,1,-2.48160791
05CGFA34,2.132736271,885.19,3,"[-6.54,-2.07]","[7.8,41.4]",1,1,-2.617051712
05CGFA35,3.519830883,1070.29,1,"[-6.54,-2.07]","[7.8,41.4]",1,1,-2.481549065
05CGFA36,5.809177097,1097.96,2,"(-2.07,0.086]","[7.8,41.4]",2,1,-2.274168001
05CGFA37,5.451914813,1461.01,3,"(0.086,3.11]","[7.8,41.4]",3,1,-2.42648048
05CGFB01,2.06972481,709.38,3,"[-6.54,-2.07]","(41.4,53.6]",1,2,-2.533697362
05CGFB02,3.024847707,880.06,0,"(-2.07,0.086]","(41.4,53.6]",2,2,-2.462313487
05CGFB03,1.082211401,1060.55,0,"(5.44,9.2]","(41.4,53.6]",5,2,-2.990775652
05CGFB04,2.692640944,947.03,4,"(5.44,9.2]","(53.6,64.8]",5,3,-2.544948726
05CGFB05,2.34143402,627.55,0,"[-6.54,-2.07]","(53.6,64.8]",1,3,-2.426542995
05CGFB06,2.037496072,1076.63,0,"(3.11,5.44]","(41.4,53.6]",4,2,-2.722147027
05CGFB07,2.435107128,1027.11,1,"(3.11,5.44]","(41.4,53.6]",4,2,-2.624068023
05CGFB08,1.843634253,1055.82,2,"(3.11,5.44]","(41.4,53.6]",4,2,-2.757156104
05CGFB09,3.411378324,776.24,3,"(-2.07,0.086]","(41.4,53.6]",2,2,-2.355153312
05CGFB10,2.521833972,721.08,3,"[-6.54,-2.07]","(41.4,53.6]",1,2,-2.454745438
05CGFB11,1.693702595,715.92,1,"[-6.54,-2.07]","(41.4,53.6]",1,2,-2.624998684
05CGFB12,2.824806139,1404.78,1,"(0.086,3.11]","(41.4,53.6]",3,2,-2.695745486
05CGFB13,1.973635005,1028.35,3,"(0.086,3.11]","[7.8,41.4]",3,1,-2.716039803
05CGFB14,4.126256364,1196.73,2,"(3.11,5.44]","(41.4,53.6]",4,2,-2.460939961
05CGFB15,5.431024932,1393.34,5,"(0.086,3.11]","[7.8,41.4]",3,1,-2.407479188
05CGFB16,3.538356486,915.94,2,"(-2.07,0.086]","[7.8,41.4]",2,1,-2.411384473
05CGFB17,4.89895981,1518.71,9,"(3.11,5.44]","(41.4,53.6]",4,2,-2.489967792
05CGFB18,4.37934688,1568.39,2,"(3.11,5.44]","(41.4,53.6]",4,2,-2.552830361
05CGFB19,3.459946357,1540.14,4,"(3.11,5.44]","[7.8,41.4]",4,1,-2.647514089
05CGFB20,7.366607726,1240.24,7,"(3.11,5.44]","[7.8,41.4]",4,1,-2.223650936
05CGFB21,2.348163704,1037.13,2,"(-2.07,0.086]","(41.4,53.6]",2,2,-2.644120426
05CGFB22,3.08113251,1309.76,2,"(3.11,5.44]","[7.8,41.4]",4,1,-2.627458491
05CGFB23,3.138915142,1440.34,3,"(-2.07,0.086]","[7.8,41.4]",2,1,-2.660737961
05CGFB24,2.913207954,1267.63,2,"(0.086,3.11]","[7.8,41.4]",3,1,-2.637621798
05CGFB25,3.681543233,1301.21,2,"(0.086,3.11]","(41.4,53.6]",3,2,-2.547086987
05CGFB26,4.943524165,1210.65,3,"(5.44,9.2]","(41.4,53.6]",5,2,-2.387204932
05CGFB27,2.260948398,1096.29,1,"(3.11,5.44]","(41.4,53.6]",4,2,-2.684738204
05CGFB28,2.996309049,1168.91,2,"[-6.54,-2.07]","(41.4,53.6]",1,2,-2.590079796
05CGFB29,3.542126896,1215.4,3,"[-6.54,-2.07]","(64.8,82.1]",1,4,-2.534187573
05CGFB30,4.90092261,1355.47,1,"(0.086,3.11]","(41.4,53.6]",3,2,-2.440238957
05CGFB31,3.077215378,1333.6,5,"(3.11,5.44]","[7.8,41.4]",4,1,-2.635864422
05CGFB32,0.93548615,935.6,2,"(3.11,5.44]","(41.4,53.6]",4,2,-2.999618392
05CGFB33,2.667502792,1216.16,5,"(-2.07,0.086]","(41.4,53.6]",2,2,-2.657932213
05CGFB34,2.357107493,1130.1,0,"[-6.54,-2.07]","[7.8,41.4]",1,1,-2.67983071
05CGFB35,2.844324826,1292.53,2,"(0.086,3.11]","(41.4,53.6]",3,2,-2.656504684
05CGFB36,2.04552703,1433.69,1,"[-6.54,-2.07]","[7.8,41.4]",1,1,-2.845029958
05CGFB37,1.622616542,1615.74,0,"(-2.07,0.086]","[7.8,41.4]",2,1,-2.997719216
05CGFC01,2.843667955,871.71,2,"(3.11,5.44]","(64.8,82.1]",4,4,-2.485074085
05CGFC02,3.998839382,1119.7,2,"(3.11,5.44]","(64.8,82.1]",4,4,-2.445613924
05CGFC03,3.207453801,998.8,2,"(3.11,5.44]","(64.8,82.1]",4,4,-2.491921227
05CGFC04,3.930291914,1052.83,2,"(5.44,9.2]","(53.6,64.8]",5,3,-2.426309157
05CGFC05,4.083830067,1124.43,8,"(3.11,5.44]","(53.6,64.8]",4,3,-2.438284572
05CGFC06,3.785640342,1232.14,2,"(3.11,5.44]","(53.6,64.8]",4,3,-2.51118432
05CGFC07,3.167515664,1076.79,2,"(0.086,3.11]","(53.6,64.8]",3,3,-2.530132827
05CGFC08,2.366070114,928.11,2,"(3.11,5.44]","(53.6,64.8]",4,3,-2.592463263
05CGFC09,1.67895862,679.28,0,"(3.11,5.44]","(64.8,82.1]",4,4,-2.605934072
05CGFC10,1.460346436,964.17,1,"(-2.07,0.086]","(82.1,243]",2,5,-2.819039432
05CGFC11,1.34186063,946.65,1,"(-2.07,0.086]","(82.1,243]",2,5,-2.847865986
05CGFC12,1.611993358,1213.82,13,"(-2.07,0.086]","(82.1,243]",2,5,-2.8762139
05CGFC13,5.142650327,1279.04,4,"(3.11,5.44]","(82.1,243]",4,5,-2.393947438
05CGFC14,1.373415067,685.86,0,"(0.086,3.11]","(82.1,243]",3,5,-2.697563133
05CGFC15,4.083615706,948.13,6,"(0.086,3.11]","(82.1,243]",3,5,-2.363948468
05CGFC16,2.418094662,960.34,5,"(0.086,3.11]","(64.8,82.1]",3,4,-2.597856806
05CGFC17,2.571820872,1068.96,3,"(-2.07,0.086]","(64.8,82.1]",2,4,-2.617674606
05CGFC18,2.420617683,918.25,0,"(3.11,5.44]","(64.8,82.1]",4,4,-2.577888371
05CGFC19,2.604536806,957.13,3,"(5.44,9.2]","(64.8,82.1]",5,4,-2.564057019
05CGFC20,1.472068731,1193.54,2,"[-6.54,-2.07]","(82.1,243]",1,5,-2.908372917
05CGFC21,0.251063919,540.22,1,"[-6.54,-2.07]","(82.1,243]",1,5,-3.332584472
05CGFC22,2.640057677,695.57,1,"(3.11,5.44]","(64.8,82.1]",4,4,-2.419075913
05CGFC23,1.076426881,519.86,0,"(5.44,9.2]","(64.8,82.1]",5,4,-2.683001681
05CGFC24,0.627928716,705.69,1,"[-6.54,-2.07]","(82.1,243]",1,5,-3.050317008
05CGFC25,1.888240238,861.59,0,"(3.11,5.44]","(82.1,243]",4,5,-2.658290568
05CGFC26,0.26241007,565.19,1,"(-2.07,0.086]","(82.1,243]",2,5,-3.333012288
05CGFC27,0.311300287,831.98,0,"(-2.07,0.086]","(82.1,243]",2,5,-3.426770836
05CGFC29,0.658593337,600.38,0,"(-2.07,0.086]","(82.1,243]",2,5,-2.959332218
05CGFC30,0.75599793,651.38,1,"(0.086,3.11]","(82.1,243]",3,5,-2.934809474
05CGFC31,2.439421363,896.68,3,"(0.086,3.11]","(82.1,243]",3,5,-2.564167551
05CGFC32,1.861836946,639.16,1,"(0.086,3.11]","(82.1,243]",3,5,-2.534401023
05CGFD01,1.435942344,635.3,1,"(-2.07,0.086]","(64.8,82.1]",2,4,-2.644859124
05CGFD02,3.73025411,921.37,5,"(-2.07,0.086]","(82.1,243]",2,5,-2.390933798
05CGFD03,1.286642914,332.1,0,"(0.086,3.11]","(64.8,82.1]",3,4,-2.410125004
05CGFD04,3.126682786,744.69,6,"(-2.07,0.086]","(64.8,82.1]",2,4,-2.375064416
05CGFD05,2.575228914,598.39,0,"(0.086,3.11]","(82.1,243]",3,5,-2.364295426
05CGFD06,1.016690355,155.24,0,"(5.44,9.2]","(82.1,243]",5,5,-2.180961315
05CGFD07,1.094155769,413.79,0,"(3.11,5.44]","(82.1,243]",4,5,-2.576550941
05CGFD08,1.645749929,270.46,0,"(3.11,5.44]","(82.1,243]",4,5,-2.213088442
05CGFD09,1.66620216,863.2,40,"(-2.07,0.086]","(64.8,82.1]",2,4,-2.713544626
05CGFD10,0.315177148,193.49,0,"(0.086,3.11]","(82.1,243]",3,5,-2.787395801
05CGFD11,4.767237825,870.61,28,"(0.086,3.11]","(64.8,82.1]",3,4,-2.259172213
05CGFD12,2.437316666,627.85,3,"(3.11,5.44]","(82.1,243]",4,5,-2.409254726
05CGFD13,5.290596952,1059.7,2,"(-2.07,0.086]","(82.1,243]",2,5,-2.299504593
05CGFD14,2.34112002,1364.6,0,"[-6.54,-2.07]","[7.8,41.4]",1,1,-2.764835969
05CGFD15,4.614977071,962.88,17,"(-2.07,0.086]","(41.4,53.6]",2,2,-2.317316089
05CGFD16,3.018965495,1382.04,10,"[-6.54,-2.07]","(53.6,64.8]",1,3,-2.659712741
05CGFD17,0.532297426,259.66,0,"(0.086,3.11]","(64.8,82.1]",3,4,-2.687359479
05CGFD18,1.712947713,613.74,2,"[-6.54,-2.07]","(82.1,243]",1,5,-2.553026512
05CGFD19,3.792343563,628.32,4,"(3.11,5.44]","(82.1,243]",4,5,-2.216644
05CGFD20,2.518559781,1130.15,1,"[-6.54,-2.07]","(41.4,53.6]",1,2,-2.651014912
05CGFD21,4.373043705,1137.16,11,"(-2.07,0.086]","(53.6,64.8]",2,3,-2.413364422
05CGFD22,5.115078321,1016.63,19,"(-2.07,0.086]","(53.6,64.8]",2,3,-2.296120006
05CGFD23,2.204568734,791.19,1,"[-6.54,-2.07]","(53.6,64.8]",1,3,-2.55374534
05CGFD24,3.079283564,880.26,1,"[-6.54,-2.07]","(64.8,82.1]",1,4,-2.454639392
05CGFD25,1.495318046,576.05,0,"(0.086,3.11]","(64.8,82.1]",3,4,-2.584597793
05CGFD26,3.278908633,934.86,3,"(0.086,3.11]","(82.1,243]",3,5,-2.45349135
05CGFD27,1.538249833,553.48,2,"(-2.07,0.086]","(82.1,243]",2,5,-2.55486637
05CGFD28,1.188637978,468.73,0,"(-2.07,0.086]","(82.1,243]",2,5,-2.594770435
05CGFD29,6.588478778,1252.67,0,"[-6.54,-2.07]","(41.4,53.6]",1,2,-2.276761304
05CGFD30,3.44127865,816.05,3,"(-2.07,0.086]","(53.6,64.8]",2,3,-2.373161639
05CGFD31,2.131753057,793.87,3,"(-2.07,0.086]","(53.6,64.8]",2,3,-2.569844731
05CGFD32,3.175745481,1431.7,2,"[-6.54,-2.07]","(41.4,53.6]",1,2,-2.65304193
05CGFD33,3.016886385,735.56,2,"(0.086,3.11]","(82.1,243]",3,5,-2.385274235
05CGFD47,0.458939803,221.02,2,"(-2.07,0.086]","(64.8,82.1]",2,4,-2.681773116
05CGFE01,3.389089174,984.71,7,"(0.086,3.11]","(64.8,82.1]",3,4,-2.461728057
05CGFE02,6.035722002,1143.89,7,"(3.11,5.44]","(64.8,82.1]",4,4,-2.275357418
05CGFE03,1.833477709,703.81,4,"[-6.54,-2.07]","(64.8,82.1]",1,4,-2.583046953
05CGFE04,6.217037168,1280.84,5,"(-2.07,0.086]","(82.1,243]",2,5,-2.311798274
05CGFE05,5.317017023,885.31,1,"(5.44,9.2]","(82.1,243]",5,5,-2.218811158
05CGFE06,0.993251831,647.44,0,"(3.11,5.44]","(82.1,243]",4,5,-2.813473381
05CGFE07,1.660865097,964.13,25,"(0.086,3.11]","(82.1,243]",3,5,-2.763052453
05CGFE08,2.32859662,739.4,13,"(3.11,5.44]","(82.1,243]",4,5,-2.500415299
05CGFE09,7.471116566,1221.54,7,"(3.11,5.44]","(64.8,82.1]",4,4,-2.210857816
05CGFE10,1.467347593,892.25,1,"(0.086,3.11]","(82.1,243]",3,5,-2.783238747
05CGFE11,3.650999841,1053.44,2,"(0.086,3.11]","(64.8,82.1]",3,4,-2.458690204
05CGFE12,3.52837311,1043.39,29,"(0.086,3.11]","(82.1,243]",3,5,-2.469401048
05CGFE13,0.855953274,533.7,0,"(3.11,5.44]","(82.1,243]",4,5,-2.79415006
05CGFE14,3.578461451,790.87,1,"(3.11,5.44]","(82.1,243]",4,5,-2.342439241
05CGFE15,4.179682048,816.78,4,"(5.44,9.2]","(82.1,243]",5,5,-2.288733742
05CGFE16,1.105472287,671.74,3,"(0.086,3.11]","(82.1,243]",3,5,-2.78293805
05CGFE17,3.096859745,841.48,1,"(0.086,3.11]","(82.1,243]",3,5,-2.432520999
05CGFE18,3.894408023,829.97,31,"(0.086,3.11]","(82.1,243]",3,5,-2.326578339
05CGFE19,1.653224312,1009.17,0,"(3.11,5.44]","(82.1,243]",4,5,-2.784920503
05CGFE21,0.092814172,182.24,1,"(0.086,3.11]","(82.1,243]",3,5,-3.292808171
05CGFE22,1.274155533,574.09,2,"(5.44,9.2]","(82.1,243]",5,5,-2.652792578
05CGFE23,2.617910893,790.93,3,"(5.44,9.2]","(82.1,243]",5,5,-2.478743327
05CGFE24,1.219982068,637.49,2,"(5.44,9.2]","(82.1,243]",5,5,-2.717288012
05CGFE25,1.330621705,706.42,2,"(5.44,9.2]","(82.1,243]",5,5,-2.724189569
05CGFE26,0.798724943,413.35,0,"(5.44,9.2]","(82.1,243]",5,5,-2.713080687
05CGFE27,4.096475663,1548.52,7,"(5.44,9.2]","(82.1,243]",5,5,-2.576356029
05CGFE28,1.039188518,438.07,0,"(5.44,9.2]","(82.1,243]",5,5,-2.623817717
05CGFE29,1.146202649,644.35,5,"(5.44,9.2]","(82.1,243]",5,5,-2.749087192
05CGFE30,1.452592308,742.31,1,"(5.44,9.2]","(82.1,243]",5,5,-2.707590888
05CGFE31,4.956567416,918.03,9,"(5.44,9.2]","(82.1,243]",5,5,-2.265324689
05CGFE32,1.69451986,589.96,0,"(5.44,9.2]","(82.1,243]",5,5,-2.540526701
05CGFE33,1.770641606,486.33,2,"(5.44,9.2]","(82.1,243]",5,5,-2.437216321
05CGFE34,2.693521436,755.25,1,"(5.44,9.2]","(82.1,243]",5,5,-2.446218663
05CGFF03,1.867000726,733.95,2,"(5.44,9.2]","(82.1,243]",5,5,-2.593415835
05CGFF04,1.966745786,745.74,2,"(5.44,9.2]","(82.1,243]",5,5,-2.577692329
05CGFF06,0.202664247,134.72,0,"(-2.07,0.086]","(82.1,243]",2,5,-2.822001118
05CGFF07,3.401774401,1273.42,9,"(5.44,9.2]","(82.1,243]",5,5,-2.572104445
05CGFF08,1.058613357,546.86,2,"(5.44,9.2]","(82.1,243]",5,5,-2.712297265
05CGFF09,1.708500386,809.55,2,"(5.44,9.2]","(82.1,243]",5,5,-2.674711078
05CGFF10,2.531372893,845.07,1,"(5.44,9.2]","(82.1,243]",5,5,-2.522233696
05CGFF11,2.084368459,751.16,0,"(5.44,9.2]","(82.1,243]",5,5,-2.555551176
05CGFF12,1.346369858,630.85,1,"(5.44,9.2]","(82.1,243]",5,5,-2.669833859
05CGFF13,2.22367879,691.79,3,"(5.44,9.2]","(82.1,243]",5,5,-2.491503988
05CGFF14,1.894899799,856.28,4,"(5.44,9.2]","(82.1,243]",5,5,-2.654067416
05CGFF15,1.574514309,600.3,3,"(5.44,9.2]","(82.1,243]",5,5,-2.580081133
05CGFF16,2.059079946,731.16,1,"(3.11,5.44]","(82.1,243]",4,5,-2.549114437
05CGFF17,1.630619659,757,1,"(0.086,3.11]","(64.8,82.1]",3,4,-2.665806702
05CGFF18,1.340687333,857.61,2,"(5.44,9.2]","(64.8,82.1]",5,4,-2.805282874
05CGFF19,1.495778309,829.46,0,"(5.44,9.2]","(64.8,82.1]",5,4,-2.743144339
05CGFF20,1.239906826,770.18,3,"(5.44,9.2]","(64.8,82.1]",5,4,-2.792503455
05CGFF21,1.63928021,537.12,1,"(5.44,9.2]","(82.1,243]",5,5,-2.514090643
05CGFF23,1.346951766,555.15,2,"(3.11,5.44]","(82.1,243]",4,5,-2.614003298
05CGFF24,1.440067925,916.54,4,"(0.086,3.11]","(64.8,82.1]",3,4,-2.803085546
05CGFF25,1.294876972,641.17,2,"(-2.07,0.086]","(64.8,82.1]",2,4,-2.693866719
05CGFF26,3.975837703,1239.08,3,"(5.44,9.2]","(53.6,64.8]",5,3,-2.492274937
05CGFF27,2.308613559,943.23,1,"(3.11,5.44]","(53.6,64.8]",4,3,-2.610202098
05CGFF28,2.41131627,903,1,"(5.44,9.2]","(53.6,64.8]",5,3,-2.572272309
05CGFF29,1.611028314,1013.2,2,"(3.11,5.44]","(53.6,64.8]",4,3,-2.797900913
05CGFF30,3.544177162,902.57,2,"(0.086,3.11]","(82.1,243]",3,5,-2.404256743
05CGFF31,1.086347004,609.47,0,"(-2.07,0.086]","(64.8,82.1]",2,4,-2.748208965
05CGFF32,3.027886114,1089.86,3,"(-2.07,0.086]","(64.8,82.1]",2,4,-2.555022926
05CGFF33,1.697163065,934.76,2,"(0.086,3.11]","(64.8,82.1]",3,4,-2.74018732
05CGFF34,4.172849407,863.61,2,"(3.11,5.44]","(64.8,82.1]",4,4,-2.313781411
05CGFG02,1.138622931,578.89,0,"[-6.54,-2.07]","[7.8,41.4]",1,1,-2.705361063
05CGFG03,0.776222036,339.74,2,"[-6.54,-2.07]","[7.8,41.4]",1,1,-2.640167324
05CGFG04,1.454332824,1257.48,2,"(-2.07,0.086]","[7.8,41.4]",2,1,-2.936334708
05CGFG05,2.503342813,1214.09,4,"(-2.07,0.086]","[7.8,41.4]",2,1,-2.684834155
05CGFG06,3.51653117,1175.54,3,"(3.11,5.44]","[7.8,41.4]",4,1,-2.522821837
05CGFG07,3.201105738,1149.68,1,"(0.086,3.11]","[7.8,41.4]",3,1,-2.554066044
05CGFG08,2.242303681,1105,3,"(-2.07,0.086]","[7.8,41.4]",2,1,-2.691785668
05CGFG09,4.568757537,971.29,3,"(3.11,5.44]","[7.8,41.4]",4,1,-2.325503151
05CGFG10,3.764029576,982.48,1,"(5.44,9.2]","[7.8,41.4]",5,1,-2.415003648
05CGFG11,2.174380326,1145.57,5,"(0.086,3.11]","[7.8,41.4]",3,1,-2.720861014
05CGFG12,7.571796572,1497.35,7,"(0.086,3.11]","[7.8,41.4]",3,1,-2.293922678
05CGFG13,4.154669556,1308.16,0,"(3.11,5.44]","[7.8,41.4]",4,1,-2.496742879
05CGFG14,0.791158901,646.17,1,"[-6.54,-2.07]","(41.4,53.6]",1,2,-2.911551004
05CGFG15,2.359942002,833.4,16,"(-2.07,0.086]","(64.8,82.1]",2,4,-2.546720628
05CGFG16,2.048942989,1054.31,1,"(0.086,3.11]","[7.8,41.4]",3,1,-2.710593623
05CGFG17,5.233054237,1146.44,4,"(5.44,9.2]","[7.8,41.4]",5,1,-2.33860917
05CGFG18,1.657194082,805.86,3,"(-2.07,0.086]","[7.8,41.4]",2,1,-2.68599221
05CGFG19,2.350522001,1199.82,3,"(5.44,9.2]","[7.8,41.4]",5,1,-2.707100132
05CGFG20,4.200024338,1038.05,3,"(0.086,3.11]","[7.8,41.4]",3,1,-2.391205715
05CGFG21,2.164434145,1152.77,3,"[-6.54,-2.07]","[7.8,41.4]",1,1,-2.725582094
05CGFG22,0.94813325,620.96,2,"[-6.54,-2.07]","[7.8,41.4]",1,1,-2.815530625
05CGFG23,1.128551673,641.13,1,"[-6.54,-2.07]","[7.8,41.4]",1,1,-2.753659508
05CGFG24,1.335624156,650.04,5,"[-6.54,-2.07]","[7.8,41.4]",1,1,-2.686362562
05CGFG25,3.009719911,1009.11,3,"[-6.54,-2.07]","(41.4,53.6]",1,2,-2.524115189
05CGFG26,3.388018974,741.71,1,"(0.086,3.11]","(53.6,64.8]",3,3,-2.338299964
05CGFG27,0.948662856,675.63,2,"[-6.54,-2.07]","(53.6,64.8]",1,3,-2.8519868
05CGFG28,0.747054826,725.17,1,"[-6.54,-2.07]","[7.8,41.4]",1,1,-2.986639722
05CGFG29,1.568471917,801.36,1,"[-6.54,-2.07]","[7.8,41.4]",1,1,-2.707500052
05CGFG30,5.139878643,1468.09,5,"(-2.07,0.086]","(41.4,53.6]",2,2,-2.454276654
05CGFG31,1.874806492,1181.86,0,"[-6.54,-2.07]","[7.8,41.4]",1,1,-2.798920109
05CGFG32,3.028100528,1273.26,2,"[-6.54,-2.07]","[7.8,41.4]",1,1,-2.622712726
05CGFG33,3.418549385,1145.33,3,"(-2.07,0.086]","[7.8,41.4]",2,1,-2.52379057
05CGFG34,4.448023035,1509.32,4,"(0.086,3.11]","[7.8,41.4]",3,1,-2.529332527
05CGFG35,6.531439157,1618.4,24,"(0.086,3.11]","[7.8,41.4]",3,1,-2.392320739
05CGFG36,2.539203188,858.24,3,"(-2.07,0.086]","[7.8,41.4]",2,1,-2.527624482
05CGFG37,1.247481981,825.93,0,"[-6.54,-2.07]","(41.4,53.6]",1,2,-2.820252507
05CGFG38,2.240641834,1622.59,2,"[-6.54,-2.07]","(53.6,64.8]",1,3,-2.859236221
05CGFG39,1.244416875,917.55,1,"(-2.07,0.086]","[7.8,41.4]",2,1,-2.867074441
05CGFG40,1.656169778,1106.06,3,"[-6.54,-2.07]","(41.4,53.6]",1,2,-2.824023049
05CGFG41,0.935353938,569.73,2,"[-6.54,-2.07]","[7.8,41.4]",1,1,-2.783979521
05CGFG42,3.436931598,1458.55,4,"[-6.54,-2.07]","(41.4,53.6]",1,2,-2.626725852
05CGFH01,0.763293474,212.88,2,"(5.44,9.2]","(82.1,243]",5,5,-2.443883326
05CGFH02,0.241522356,234.44,0,"(5.44,9.2]","(82.1,243]",5,5,-2.986626731
05CGFH03,3.652863609,1078.78,2,"(5.44,9.2]","(82.1,243]",5,5,-2.468826367
05CGFH04,2.31576789,713.12,1,"(3.11,5.44]","(82.1,243]",4,5,-2.487054977
05CGFH05,1.943390399,704.38,2,"(3.11,5.44]","(82.1,243]",4,5,-2.558047085
05CGFH06,1.9457805,851.19,2,"(0.086,3.11]","(82.1,243]",3,5,-2.639938753
05CGFH07,1.393511917,857.77,4,"(3.11,5.44]","(82.1,243]",4,5,-2.788554048
05CGFH08,2.438841345,1169.74,2,"(0.086,3.11]","(82.1,243]",3,5,-2.679999368
05CGFH09,1.771043128,1051.79,2,"(0.086,3.11]","(82.1,243]",3,5,-2.772968003
05CGFH10,1.882906401,853.07,1,"(5.44,9.2]","(82.1,243]",5,5,-2.655196298
05CGFH11,3.333469923,1274.93,2,"(5.44,9.2]","(82.1,243]",5,5,-2.581452793
05CGFH12,8.867070392,2072.51,8,"(3.11,5.44]","(82.1,243]",4,5,-2.366854398
05CGFH13,4.996318992,1283.58,6,"(5.44,9.2]","(82.1,243]",5,5,-2.408078999
05CGFH14,2.22520864,978.45,0,"(5.44,9.2]","(64.8,82.1]",5,4,-2.642179095
05CGFH15,5.381922964,1247.18,10,"(5.44,9.2]","(82.1,243]",5,5,-2.363113506
05CGFH16,3.565033888,1261.17,7,"(5.44,9.2]","(82.1,243]",5,5,-2.547480581
05CGFH17,3.123053013,1185.92,2,"(0.086,3.11]","(82.1,243]",3,5,-2.578330839
05CGFH18,2.912881342,1063.64,1,"(3.11,5.44]","(82.1,243]",4,5,-2.561280878
05CGFH19,1.833590961,713.73,2,"(3.11,5.44]","(82.1,243]",4,5,-2.589114343
05CGFH20,2.976674534,1204.66,2,"(3.11,5.44]","(82.1,243]",4,5,-2.606058683
05CGFH21,3.410216028,917.32,3,"(0.086,3.11]","(64.8,82.1]",3,4,-2.428121435
05CGFH22,3.346384649,969.66,2,"(0.086,3.11]","(82.1,243]",3,5,-2.460542239
05CGFH23,2.516175063,773.02,1,"(-2.07,0.086]","(82.1,243]",2,5,-2.486033945
05CGFH24,2.567392936,1110.2,0,"(-2.07,0.086]","(64.8,82.1]",2,4,-2.63490339
05CGFH25,2.924495148,957.4,1,"[-6.54,-2.07]","(64.8,82.1]",1,4,-2.513713882
05CGFH26,2.195195193,899.36,3,"(-2.07,0.086]","(82.1,243]",2,5,-2.611399085
05CGFH27,3.893412783,984.21,3,"(-2.07,0.086]","(82.1,243]",2,5,-2.401035901
05CGFH28,2.001958807,1090.5,0,"(-2.07,0.086]","(82.1,243]",2,5,-2.735372515
05CGFH29,0.881176391,1288.3,0,"[-6.54,-2.07]","(64.8,82.1]",1,4,-3.164657002
05CGFH30,8.247014082,1257.82,5,"(0.086,3.11]","(64.8,82.1]",3,4,-2.180464892
05CGFH31,6.276544603,1244.15,5,"(5.44,9.2]","(82.1,243]",5,5,-2.294955631
05CGFH32,3.257510059,1053.66,5,"(-2.07,0.086]","(64.8,82.1]",2,4,-2.508469977
05CGFH33,2.466171088,987.69,2,"(-2.07,0.086]","(64.8,82.1]",2,4,-2.601511705
05CGFH34,4.259880341,1049.93,5,"(0.086,3.11]","(64.8,82.1]",3,4,-2.389997298
05CGFH35,3.185921722,1059.31,2,"(-2.07,0.086]","(64.8,82.1]",2,4,-2.520479843
05CGFH36,5.025860552,1088.05,1,"(0.086,3.11]","(64.8,82.1]",3,4,-2.333427702
05CGFH37,2.666674625,1198.5,4,"(-2.07,0.086]","(64.8,82.1]",2,4,-2.651700624
05CGFJ02,6.86720381,1434.39,12,"[-6.54,-2.07]","[7.8,41.4]",1,1,-2.317803115
05CGFJ03,4.393511787,1242.63,3,"[-6.54,-2.07]","[7.8,41.4]",1,1,-2.449991802
05CGFJ04,3.192931231,1294.53,2,"[-6.54,-2.07]","[7.8,41.4]",1,1,-2.606850053
05CGFJ05,5.091313155,1284.13,6,"(-2.07,0.086]","[7.8,41.4]",2,1,-2.40005387
05CGFJ06,2.600143962,1150.12,2,"[-6.54,-2.07]","[7.8,41.4]",1,1,-2.644762815
05CGFJ07,5.305971869,1130.54,10,"[-6.54,-2.07]","[7.8,41.4]",1,1,-2.326477914
05CGFJ08,4.21181003,1408.89,6,"[-6.54,-2.07]","[7.8,41.4]",1,1,-2.523108065
05CGFJ09,3.397753063,1393.93,3,"[-6.54,-2.07]","[7.8,41.4]",1,1,-2.611989252
05CGFJ10,4.582492551,1245.23,3,"[-6.54,-2.07]","(53.6,64.8]",1,3,-2.43254664
05CGFJ11,3.853423894,1307.48,5,"[-6.54,-2.07]","(53.6,64.8]",1,3,-2.52930642
05CGFJ12,2.1754062,1053.24,1,"[-6.54,-2.07]","(41.4,53.6]",1,2,-2.684089045
05CGFJ13,3.429524416,1256.27,4,"(0.086,3.11]","(41.4,53.6]",3,2,-2.562661877
05CGFJ15,3.969068137,1546.02,1,"(0.086,3.11]","[7.8,41.4]",3,1,-2.589410164
05CGFJ16,4.290559435,1417.3,6,"[-6.54,-2.07]","(41.4,53.6]",1,2,-2.517631141
05CGFJ17,0.768656032,820.24,0,"[-6.54,-2.07]","[7.8,41.4]",1,1,-3.027801732
05CGFJ18,2.13000071,979.23,0,"[-6.54,-2.07]","[7.8,41.4]",1,1,-2.661559265
05CGFJ19,1.65595011,872.39,3,"[-6.54,-2.07]","[7.8,41.4]",1,1,-2.720838279
05CGFJ20,3.338401082,1118.83,5,"[-6.54,-2.07]","[7.8,41.4]",1,1,-2.523927791
05CGFJ21,3.081682529,1129.24,1,"(0.086,3.11]","(41.4,53.6]",3,2,-2.562811553
05CGFJ22,2.135365193,889.23,1,"(3.11,5.44]","(41.4,53.6]",4,2,-2.618497793
05CGFJ23,3.017743413,713.74,0,"(5.44,9.2]","(41.4,53.6]",5,2,-2.372017605
05CGFJ24,2.270689528,727.24,2,"(3.11,5.44]","(41.4,53.6]",4,2,-2.504161865
05CGFJ25,2.965268158,1093.98,2,"(3.11,5.44]","(41.4,53.6]",4,2,-2.565766641
05CGFJ26,3.241489933,873.92,3,"(3.11,5.44]","(41.4,53.6]",4,2,-2.429113148
05CGFJ27,4.677869254,1295.06,1,"(3.11,5.44]","(41.4,53.6]",4,2,-2.440670261
05CGFJ28,3.643556336,1114.54,5,"[-6.54,-2.07]","(41.4,53.6]",1,2,-2.484148088
05CGFJ31,1.472132483,1022.29,2,"[-6.54,-2.07]","[7.8,41.4]",1,1,-2.841001367
05CGFJ33,5.22391034,1377.76,3,"[-6.54,-2.07]","[7.8,41.4]",1,1,-2.419528058
05CGFJ34,2.562654403,1107.87,2,"(3.11,5.44]","(41.4,53.6]",4,2,-2.634793015
05CGFJ35,3.817454382,1084.47,3,"(3.11,5.44]","[7.8,41.4]",4,1,-2.451912225
05CGFJ36,5.519084809,1151.09,4,"(5.44,9.2]","[7.8,41.4]",5,1,-2.317154911
05CGFK01,1.993295829,957.28,2,"(-2.07,0.086]","(41.4,53.6]",2,2,-2.680561975
05CGFK02,4.846868501,1207.84,13,"[-6.54,-2.07]","(41.4,53.6]",1,2,-2.394801911
05CGFK03,2.611933804,870.42,2,"(-2.07,0.086]","(53.6,64.8]",2,3,-2.521461516
05CGFK04,1.678640632,558.65,1,"[-6.54,-2.07]","(53.6,64.8]",1,3,-2.520875132
05CGFK05,2.482152072,558.74,3,"(-2.07,0.086]","(64.8,82.1]",2,4,-2.350447766
05CGFK06,2.638094869,1044.94,1,"[-6.54,-2.07]","(41.4,53.6]",1,2,-2.596703122
05CGFK07,2.73335311,957.41,1,"[-6.54,-2.07]","(41.4,53.6]",1,2,-2.543160559
05CGFK08,3.998664979,1099.09,2,"(-2.07,0.086]","(41.4,53.6]",2,2,-2.437535324
05CGFK09,3.050685907,812.61,2,"[-6.54,-2.07]","(53.6,64.8]",1,3,-2.423851178
05CGFK10,2.656811199,638.02,2,"(-2.07,0.086]","(64.8,82.1]",2,4,-2.378661356
05CGFK11,2.352942081,452.6,0,"(0.086,3.11]","(64.8,82.1]",3,4,-2.281839647
05CGFK12,3.205681591,1055.13,4,"[-6.54,-2.07]","[7.8,41.4]",1,1,-2.516064112
05CGFK13,4.968882177,1211.11,2,"(-2.07,0.086]","[7.8,41.4]",2,1,-2.385139424
05CGFK14,3.478035659,1353.63,2,"[-6.54,-2.07]","(41.4,53.6]",1,2,-2.589048622
05CGFK15,3.598606127,1128.85,1,"[-6.54,-2.07]","(41.4,53.6]",1,2,-2.495115245
05CGFK16,3.608037789,1011.84,4,"[-6.54,-2.07]","(64.8,82.1]",1,4,-2.446289383
05CGFK17,2.35699342,1189.67,4,"[-6.54,-2.07]","[7.8,41.4]",1,1,-2.702206855
05CGFK18,5.48165575,1194.57,6,"[-6.54,-2.07]","(41.4,53.6]",1,2,-2.336302364
05CGFK19,2.15023454,820.78,3,"[-6.54,-2.07]","(53.6,64.8]",1,3,-2.580601698
05CGFK20,2.176819917,1379.93,1,"[-6.54,-2.07]","[7.8,41.4]",1,1,-2.80134892
05CGFK21,3.118601433,1367.69,0,"[-6.54,-2.07]","(41.4,53.6]",1,2,-2.64103639
05CGFK22,6.62224705,1478.21,12,"[-6.54,-2.07]","(41.4,53.6]",1,2,-2.346780786
05CGFK23,2.440400942,972.18,1,"[-6.54,-2.07]","(41.4,53.6]",1,2,-2.599193946
05CGFK24,2.979634635,1184.23,3,"[-6.54,-2.07]","(64.8,82.1]",1,4,-2.598178942
05CGFK25,5.466062198,1355.31,5,"[-6.54,-2.07]","(41.4,53.6]",1,2,-2.392608991
05CGFK26,3.271603745,1300.84,1,"[-6.54,-2.07]","(41.4,53.6]",1,2,-2.598369563
05CGFK27,4.613298859,1327.23,5,"[-6.54,-2.07]","(41.4,53.6]",1,2,-2.457422412
05CGFK28,2.960160988,1196.49,1,"[-6.54,-2.07]","(53.6,64.8]",1,3,-2.60551795
05CGFK29,2.273774233,739.49,2,"(-2.07,0.086]","(64.8,82.1]",2,4,-2.510847545
05CGFK30,1.457052913,1046.64,3,"[-6.54,-2.07]","[7.8,41.4]",1,1,-2.855716992
05CGFK31,3.522936039,1215.3,1,"[-6.54,-2.07]","(64.8,82.1]",1,4,-2.53651797
05CGFK32,2.631794329,1354.56,5,"[-6.54,-2.07]","[7.8,41.4]",1,1,-2.710701682
05CGFK33,2.624174171,1059.22,4,"[-6.54,-2.07]","(41.4,53.6]",1,2,-2.604916234
05CGFK34,3.063202801,1122.76,2,"[-6.54,-2.07]","(64.8,82.1]",1,4,-2.562924685
05CGFK35,4.221462913,1075.15,4,"(-2.07,0.086]","(82.1,243]",2,5,-2.404297513
05CGFK36,3.639058962,988.69,4,"[-6.54,-2.07]","(53.6,64.8]",1,3,-2.432469598
05CGFK37,3.710785443,1270.6,5,"[-6.54,-2.07]","(53.6,64.8]",1,3,-2.533272795
05CGFL01,1.503946344,684.41,2,"(5.44,9.2]","(41.4,53.6]",5,2,-2.65712862
05CGFL02,2.99793259,929.55,1,"(3.11,5.44]","(41.4,53.6]",4,2,-2.490047966
05CGFL03,2.113387979,812.77,1,"(3.11,5.44]","(41.4,53.6]",4,2,-2.583857697
05CGFL04,1.966138213,856.56,0,"(3.11,5.44]","(53.6,64.8]",4,3,-2.638145725
05CGFL05,1.953929426,751.98,1,"(3.11,5.44]","(53.6,64.8]",4,3,-2.584167486
05CGFL06,3.341210687,1029.99,1,"(3.11,5.44]","(53.6,64.8]",4,3,-2.487518037
05CGFL07,3.120671148,1205.61,7,"(3.11,5.44]","(53.6,64.8]",4,3,-2.585833225
05CGFL08,6.534124056,1431.87,8,"(0.086,3.11]","(64.8,82.1]",3,4,-2.338729841
05CGFL09,1.956979691,893.05,3,"(5.44,9.2]","(64.8,82.1]",5,4,-2.658336723
05CGFL10,2.192975179,1074.03,1,"(5.44,9.2]","(53.6,64.8]",5,3,-2.689095039
05CGFL11,2.953281016,1026.51,2,"(3.11,5.44]","(53.6,64.8]",4,3,-2.53980714
05CGFL12,2.029164512,906.83,4,"(5.44,9.2]","(64.8,82.1]",5,4,-2.649235735
05CGFL13,1.800734858,1071.2,2,"(3.11,5.44]","(64.8,82.1]",4,4,-2.77369011
05CGFL14,2.910965765,936.85,1,"(3.11,5.44]","(64.8,82.1]",4,4,-2.506281429
05CGFL15,2.994721834,1207.22,4,"(0.086,3.11]","(64.8,82.1]",3,4,-2.60435125
05CGFL16,8.791754976,1476.06,5,"(3.11,5.44]","(53.6,64.8]",4,3,-2.222433943
05CGFL17,7.409164006,1260.17,4,"(5.44,9.2]","(53.6,64.8]",5,3,-2.22809896
05CGFL18,1.280675583,610.25,1,"(0.086,3.11]","(82.1,243]",3,5,-2.677156287
05CGFL19,2.780999689,803.4,3,"(0.086,3.11]","(64.8,82.1]",3,4,-2.459224952
05CGFL20,2.742547845,1099.8,2,"(5.44,9.2]","(64.8,82.1]",5,4,-2.602075159
05CGFL21,4.51782757,1099.52,4,"(5.44,9.2]","(64.8,82.1]",5,4,-2.384485329
05CGFL22,4.075250559,1064.7,3,"(3.11,5.44]","(64.8,82.1]",4,4,-2.415407441
05CGFL23,2.275973583,1009.86,2,"(5.44,9.2]","(64.8,82.1]",5,4,-2.646114057
05CGFL24,7.298670952,1316.68,7,"(3.11,5.44]","(64.8,82.1]",4,4,-2.253822359
05CGFL25,1.922219039,904.43,0,"(3.11,5.44]","(82.1,243]",4,5,-2.67164808
05CGFL26,8.381019415,1283.66,17,"(0.086,3.11]","(82.1,243]",3,5,-2.182308355
05CGFL27,1.16228576,680.9,0,"(0.086,3.11]","(82.1,243]",3,5,-2.76702845
05CGFL28,6.256556604,1044,1,"(3.11,5.44]","(82.1,243]",4,5,-2.21975462
05CGFL29,3.354661705,1128.74,2,"(5.44,9.2]","(82.1,243]",5,5,-2.525652522
05CGFL30,2.606849303,905.11,1,"(5.44,9.2]","(53.6,64.8]",5,3,-2.539332801
05CGFL31,0.883930512,414.19,1,"(5.44,9.2]","(82.1,243]",5,5,-2.669853658
05CGFL32,1.070136396,536.48,0,"(5.44,9.2]","(82.1,243]",5,5,-2.699247233
05CGFL33,1.429643631,570.15,4,"(3.11,5.44]","(82.1,243]",4,5,-2.59967098
05CGFL34,1.669065557,800.25,1,"(3.11,5.44]","(82.1,243]",4,5,-2.679845542
05CGFM01,3.106868516,1097.38,1,"[-6.54,-2.07]","(41.4,53.6]",1,2,-2.546802862
05CGFM02,3.084297519,942.04,1,"(-2.07,0.086]","(53.6,64.8]",2,3,-2.483488839
05CGFM03,2.666026511,1332.68,2,"[-6.54,-2.07]","(41.4,53.6]",1,2,-2.69799174
05CGFM04,3.598264612,919.36,1,"[-6.54,-2.07]","(41.4,53.6]",1,2,-2.405689395
05CGFM05,2.650486669,742.46,2,"(-2.07,0.086]","(53.6,64.8]",2,3,-2.445794287
05CGFM06,4.770936376,999.28,2,"(0.086,3.11]","(53.6,64.8]",3,3,-2.319005121
05CGFM08,1.717976368,1006.6,1,"(0.086,3.11]","[7.8,41.4]",3,1,-2.767097892
05CGFM09,2.51775199,1388.67,2,"[-6.54,-2.07]","[7.8,41.4]",1,1,-2.740797986
05CGFM10,6.425296245,1422.05,5,"(-2.07,0.086]","(41.4,53.6]",2,2,-2.343054977
05CGFM11,2.370799194,1124.52,2,"[-6.54,-2.07]","(41.4,53.6]",1,2,-2.675155834
05CGFM12,3.3258901,907.81,0,"[-6.54,-2.07]","(41.4,53.6]",1,2,-2.434493047
05CGFM13,2.501454899,912.64,1,"(-2.07,0.086]","(53.6,64.8]",2,3,-2.56091483
05CGFM14,2.336309405,604.33,0,"(0.086,3.11]","(53.6,64.8]",3,3,-2.411061582
05CGFM15,3.699066679,900.68,1,"(-2.07,0.086]","(53.6,64.8]",2,3,-2.384691052
05CGFM16,3.676722331,826.71,4,"(0.086,3.11]","(64.8,82.1]",3,4,-2.349956563
05CGFM17,4.102974949,1119.15,4,"[-6.54,-2.07]","(53.6,64.8]",1,3,-2.434194318
05CGFM18,4.592183247,886.11,4,"(-2.07,0.086]","(53.6,64.8]",2,3,-2.283211885
05CGFM19,1.559862517,621.82,1,"(-2.07,0.086]","(53.6,64.8]",2,3,-2.599487549
05CGFM20,3.899976841,1084.44,1,"[-6.54,-2.07]","(41.4,53.6]",1,2,-2.44257883
05CGFM21,5.503641358,1309.92,11,"[-6.54,-2.07]","(41.4,53.6]",1,2,-2.374766111
05CGFM22,3.963395503,1250.34,0,"[-6.54,-2.07]","(41.4,53.6]",1,2,-2.497581876
05CGFM23,3.817787642,1559.89,10,"[-6.54,-2.07]","[7.8,41.4]",1,1,-2.61021798
05CGFM24,3.637880254,1204.88,4,"[-6.54,-2.07]","[7.8,41.4]",1,1,-2.518782152
05CGFM25,6.565095716,1473.18,4,"(0.086,3.11]","[7.8,41.4]",3,1,-2.349075032
05CGFM26,3.268136734,1478.9,1,"[-6.54,-2.07]","[7.8,41.4]",1,1,-2.654677806
05CGFM27,4.988952346,1285.25,3,"(-2.07,0.086]","[7.8,41.4]",2,1,-2.409289177
05CGFM28,1.638426959,1065.1,1,"[-6.54,-2.07]","[7.8,41.4]",1,1,-2.812294716
05CGFM29,1.681725326,1194.08,0,"[-6.54,-2.07]","[7.8,41.4]",1,1,-2.850666274
05CGFM30,2.272175882,1273.86,0,"[-6.54,-2.07]","[7.8,41.4]",1,1,-2.747904415
05CGFM31,2.214348061,1163.04,1,"[-6.54,-2.07]","[7.8,41.4]",1,1,-2.71952111
05CGFM32,4.191336682,1377.34,3,"[-6.54,-2.07]","[7.8,41.4]",1,1,-2.51536501
05CGFM33,3.649395247,1215.2,2,"[-6.54,-2.07]","[7.8,41.4]",1,1,-2.521120657
05CGFM34,3.648555277,1112.04,4,"[-6.54,-2.07]","[7.8,41.4]",1,1,-2.482572235
05CGFM35,2.883555124,1088.83,2,"[-6.54,-2.07]","[7.8,41.4]",1,1,-2.57588015
05CGFM36,5.236752543,1294.02,3,"[-6.54,-2.07]","[7.8,41.4]",1,1,-2.39111783
05CGFN01,5.164349509,1412.04,5,"(0.086,3.11]","(64.8,82.1]",3,4,-2.435240087
05CGFN02,3.22157463,1304.13,7,"(0.086,3.11]","(64.8,82.1]",3,4,-2.60617853
05CGFN03,2.535666924,1400.19,3,"(-2.07,0.086]","(64.8,82.1]",2,4,-2.74130757
05CGFN04,3.177375285,1295.33,2,"(-2.07,0.086]","(64.8,82.1]",2,4,-2.609245301
05CGFN05,1.800358985,1117.37,1,"[-6.54,-2.07]","(53.6,64.8]",1,3,-2.792137576
05CGFN06,3.964282944,1599.88,3,"(0.086,3.11]","(41.4,53.6]",3,2,-2.604845308
05CGFN07,1.649731453,1336.39,2,"[-6.54,-2.07]","(53.6,64.8]",1,3,-2.907983509
05CGFN08,5.682795446,1590.21,2,"(0.086,3.11]","(82.1,243]",3,5,-2.445337676
05CGFN09,1.245896259,1167.31,0,"[-6.54,-2.07]","(41.4,53.6]",1,2,-2.971240544
05CGFN10,1.672384547,876.18,0,"(-2.07,0.086]","(41.4,53.6]",2,2,-2.71842745
05CGFN11,4.759396712,1717.2,2,"(0.086,3.11]","(53.6,64.8]",3,3,-2.556063611
05CGFN12,1.758273933,834.68,1,"(-2.07,0.086]","(41.4,53.6]",2,2,-2.675517653
05CGFN13,5.144342285,1161.64,5,"(3.11,5.44]","(53.6,64.8]",4,3,-2.351814149
05CGFN14,1.441150591,1430.92,2,"(3.11,5.44]","[7.8,41.4]",4,1,-2.99646837
05CGFN15,2.217820964,1417.2,1,"(0.086,3.11]","[7.8,41.4]",3,1,-2.804824486
05CGFN16,2.886203267,1114.35,3,"(-2.07,0.086]","(53.6,64.8]",2,3,-2.585568407
05CGFN17,3.650923038,1100.96,2,"(3.11,5.44]","(53.6,64.8]",4,3,-2.477926294
05CGFN18,7.144550941,1715.79,4,"(3.11,5.44]","(64.8,82.1]",4,4,-2.378677017
05CGFN19,1.698982685,939.31,0,"(0.086,3.11]","(53.6,64.8]",3,3,-2.741833749
05CGFN20,2.113052363,1157.12,4,"(0.086,3.11]","(41.4,53.6]",3,2,-2.737674337
05CGFN21,4.429498587,852.36,7,"(0.086,3.11]","(41.4,53.6]",3,2,-2.28200569
05CGFN22,4.583739411,1669.9,4,"(0.086,3.11]","[7.8,41.4]",3,1,-2.560276803
05CGFN24,0.977042035,1155.29,0,"[-6.54,-2.07]","[7.8,41.4]",1,1,-3.072410322
05CGFN25,3.656366835,1275.42,2,"(0.086,3.11]","(53.6,64.8]",3,3,-2.541356641
05CGFN26,5.368757441,1310.61,4,"(3.11,5.44]","(53.6,64.8]",4,3,-2.385817005
05CGFN27,8.403239383,1512.78,16,"(0.086,3.11]","(41.4,53.6]",3,2,-2.25290988
05CGFN28,4.277821115,1083.9,2,"(3.11,5.44]","(41.4,53.6]",4,2,-2.402049178
05CGFN29,8.950436404,1611.54,26,"(0.086,3.11]","(41.4,53.6]",3,2,-2.252978099
05CGFN30,3.792812791,1379,5,"(0.086,3.11]","[7.8,41.4]",3,1,-2.559406726
05CGFN31,2.000019989,977.62,1,"(-2.07,0.086]","(53.6,64.8]",2,3,-2.68824635
05CGFN32,3.678489828,1086.63,1,"(3.11,5.44]","(41.4,53.6]",4,2,-2.468939452
05CGFN33,6.879225017,1231.96,5,"(3.11,5.44]","(41.4,53.6]",4,2,-2.250625209
05CGFN34,5.459301487,1133.88,2,"(3.11,5.44]","[7.8,41.4]",4,1,-2.315333965
05CGFN35,7.21961457,1442.97,3,"(3.11,5.44]","[7.8,41.4]",4,1,-2.298564929
05CGFP01,2.550236832,1065.84,2,"(3.11,5.44]","(64.8,82.1]",4,4,-2.620071119
05CGFP02,6.747706052,1308.07,2,"(3.11,5.44]","(53.6,64.8]",4,3,-2.285228715
05CGFP03,2.547126195,1079.19,3,"(3.11,5.44]","(64.8,82.1]",4,4,-2.626021208
05CGFP04,1.591616009,657,3,"(0.086,3.11]","(64.8,82.1]",3,4,-2.614673694
05CGFP05,3.354556432,942.68,3,"(3.11,5.44]","(53.6,64.8]",4,3,-2.447180984
05CGFP06,1.768113745,595.61,1,"(0.086,3.11]","(53.6,64.8]",3,3,-2.526160627
05CGFP07,3.887388537,1360.97,28,"(-2.07,0.086]","(53.6,64.8]",2,3,-2.542948336
05CGFP08,3.2286125,835.12,2,"(5.44,9.2]","(53.6,64.8]",5,3,-2.411050704
05CGFP09,1.921361301,572.71,0,"(0.086,3.11]","(64.8,82.1]",3,4,-2.472866281
05CGFP10,1.74320122,632.72,1,"(0.086,3.11]","(41.4,53.6]",3,2,-2.558665869
05CGFP11,1.475225094,654.74,0,"(0.086,3.11]","(41.4,53.6]",3,2,-2.64623095
05CGFP12,3.631688593,892.26,9,"(0.086,3.11]","(41.4,53.6]",3,2,-2.388611544
05CGFP13,2.771496815,1070.54,1,"(3.11,5.44]","(53.6,64.8]",4,3,-2.585762722
05CGFP14,2.199181436,787.45,3,"(-2.07,0.086]","(53.6,64.8]",2,3,-2.552747337
05CGFP15,0.857830646,623.17,1,"(-2.07,0.086]","(82.1,243]",2,5,-2.860606736
05CGFP16,2.592339104,661.38,3,"(-2.07,0.086]","(53.6,64.8]",2,3,-2.405053645
05CGFP17,1.26137107,466.49,1,"(-2.07,0.086]","(41.4,53.6]",2,2,-2.566823566
05CGFP18,5.064754648,1001.95,4,"(5.44,9.2]","(53.6,64.8]",5,3,-2.294086756
05CGFP19,3.213663769,363.77,2,"(5.44,9.2]","(53.6,64.8]",5,3,-2.049972695
05CGFP20,3.975598316,702.69,8,"(0.086,3.11]","(82.1,243]",3,5,-2.244897197
05CGFP21,1.726778782,565.95,2,"(0.086,3.11]","(53.6,64.8]",3,3,-2.514214252
05CGFP22,2.806141069,981.1,0,"[-6.54,-2.07]","(41.4,53.6]",1,2,-2.542359827
05CGFP23,5.357995582,1223.15,6,"(3.11,5.44]","(53.6,64.8]",4,3,-2.356570767
05CGFP24,3.53992407,1147.1,1,"(3.11,5.44]","(53.6,64.8]",4,3,-2.509265038
05CGFP25,1.629865926,1452.63,5,"(0.086,3.11]","(41.4,53.6]",3,2,-2.949515572
05CGFP26,1.580712976,436.74,3,"(-2.07,0.086]","(82.1,243]",2,5,-2.439795238
05CGFP27,2.110369369,664,1,"(-2.07,0.086]","(64.8,82.1]",2,4,-2.496427103
05CGFP28,2.312679963,788.38,15,"(-2.07,0.086]","(64.8,82.1]",2,4,-2.531344204
05CGFP29,4.207153638,1359.56,10,"[-6.54,-2.07]","(41.4,53.6]",1,2,-2.508064
05CGFP30,3.040887187,999.22,0,"[-6.54,-2.07]","(41.4,53.6]",1,2,-2.515337123
05CGFP31,3.961102224,1239.08,3,"(-2.07,0.086]","(41.4,53.6]",2,2,-2.493892716
05CGFP32,2.16036759,1017.38,1,"(3.11,5.44]","(41.4,53.6]",4,2,-2.672032354
05CGFP33,2.548807085,786.32,1,"(5.44,9.2]","(41.4,53.6]",5,2,-2.487852331
05CGFP34,2.581886737,809.86,2,"(5.44,9.2]","(41.4,53.6]",5,2,-2.495085992
05CGFP35,1.595389238,923.29,0,"(-2.07,0.086]","(82.1,243]",2,5,-2.76172039
05CGFP36,1.902587339,682.98,3,"(0.086,3.11]","(82.1,243]",3,5,-2.553851875
05CGFP37,1.776760325,1019.44,4,"(5.44,9.2]","(41.4,53.6]",5,2,-2.757975239
05CGFP38,2.064490077,636.94,14,"(-2.07,0.086]","(82.1,243]",2,5,-2.487875775
05CGFP39,2.475730996,578.47,2,"(-2.07,0.086]","(64.8,82.1]",2,4,-2.366714708
05CGFQ01,2.730439596,1055.4,2,"[-6.54,-2.07]","[7.8,41.4]",1,1,-2.586059491
05CGFQ02,2.511461776,968.53,1,"[-6.54,-2.07]","[7.8,41.4]",1,1,-2.585058888
05CGFQ03,1.580907505,665.35,1,"[-6.54,-2.07]","(41.4,53.6]",1,2,-2.623110565
05CGFQ04,6.315544699,1464.53,8,"(-2.07,0.086]","[7.8,41.4]",2,1,-2.363410586
05CGFQ05,2.877279902,1107.82,2,"(-2.07,0.086]","[7.8,41.4]",2,1,-2.584357653
05CGFQ06,2.172193022,1013.6,1,"(0.086,3.11]","(41.4,53.6]",3,2,-2.668036475
05CGFQ07,1.971015144,681.95,1,"(-2.07,0.086]","(64.8,82.1]",2,4,-2.53780553
05CGFQ08,0.839005637,513.03,0,"[-6.54,-2.07]","(53.6,64.8]",1,3,-2.785667059
05CGFQ09,2.6018542,871.65,2,"[-6.54,-2.07]","(64.8,82.1]",1,4,-2.523760881
05CGFQ10,2.232398626,931.8,7,"(0.086,3.11]","(41.4,53.6]",3,2,-2.619509232
05CGFQ11,1.888187027,1049.08,0,"(3.11,5.44]","(41.4,53.6]",4,2,-2.743981229
05CGFQ12,2.929769772,994.76,0,"(-2.07,0.086]","(64.8,82.1]",2,4,-2.529603847
05CGFQ13,4.75431938,1364.3,2,"(0.086,3.11]","[7.8,41.4]",3,1,-2.456305452
05CGFQ14,7.362627088,1270.94,7,"(0.086,3.11]","[7.8,41.4]",3,1,-2.234569036
05CGFQ15,4.280268067,1239.22,4,"(-2.07,0.086]","(41.4,53.6]",2,2,-2.460174794
05CGFQ16,2.973303957,1089.8,2,"(-2.07,0.086]","(41.4,53.6]",2,2,-2.562920989
05CGFQ17,4.050669907,938.46,0,"(-2.07,0.086]","(53.6,64.8]",2,3,-2.363010313
05CGFQ18,3.206738794,833.21,0,"(0.086,3.11]","(64.8,82.1]",3,4,-2.413016213
05CGFQ19,4.342536334,1223.54,3,"(-2.07,0.086]","(41.4,53.6]",2,2,-2.44833059
05CGFQ20,4.076594479,1298.17,4,"(0.086,3.11]","[7.8,41.4]",3,1,-2.501668112
05CGFQ21,4.332085703,1359.12,9,"(3.11,5.44]","(41.4,53.6]",4,2,-2.495174274
05CGFQ22,1.572268085,648.46,1,"(-2.07,0.086]","(41.4,53.6]",2,2,-2.614302316
05CGFQ23,1.758148902,620.19,3,"(-2.07,0.086]","(53.6,64.8]",2,3,-2.546236195
05CGFQ24,2.21518787,776.8,3,"(0.086,3.11]","(64.8,82.1]",3,4,-2.543658413
05CGFQ25,2.278416593,1169.75,2,"(-2.07,0.086]","(41.4,53.6]",2,2,-2.709613184
05CGFQ26,3.771111572,989.72,3,"(-2.07,0.086]","(41.4,53.6]",2,2,-2.41738502
05CGFQ27,1.834240427,656.36,1,"(-2.07,0.086]","(53.6,64.8]",2,3,-2.552470482
05CGFQ28,1.932360574,763.25,1,"(-2.07,0.086]","(64.8,82.1]",2,4,-2.595477724
05CGFQ29,2.301747975,677.25,0,"(-2.07,0.086]","(53.6,64.8]",2,3,-2.467212707
05CGFQ30,1.532905742,389.15,0,"(-2.07,0.086]","(64.8,82.1]",2,4,-2.402887471
05CGFQ31,1.651526241,529.14,3,"(-2.07,0.086]","(53.6,64.8]",2,3,-2.504327496
05CGFQ32,1.369286247,1327.91,0,"[-6.54,-2.07]","(41.4,53.6]",1,2,-2.986226338
05CGFQ33,1.597447029,1356.42,0,"(-2.07,0.086]","(41.4,53.6]",2,2,-2.928455952
05CGFQ34,3.953452947,1130.26,3,"(-2.07,0.086]","(53.6,64.8]",2,3,-2.454680034
05CGFQ35,2.275775995,1120.62,4,"(3.11,5.44]","(53.6,64.8]",4,3,-2.691445987
05CGFQ36,11.26686144,1724.69,13,"(3.11,5.44]","(53.6,64.8]",4,3,-2.182061674
05CGFQ37,5.717980968,1129.58,4,"(-2.07,0.086]","(53.6,64.8]",2,3,-2.293470289
05CGFQ38,3.75128297,697.88,1,"(3.11,5.44]","(53.6,64.8]",4,3,-2.267260187
05CGFQ39,1.612611132,802.38,1,"(0.086,3.11]","(53.6,64.8]",3,3,-2.695976725
05CGFR01,3.248504757,1617.18,5,"(3.11,5.44]","(53.6,64.8]",4,3,-2.69620159
05CGFR02,1.768686822,814.35,1,"(5.44,9.2]","(53.6,64.8]",5,3,-2.662215891
05CGFR03,2.401108615,770.94,1,"(5.44,9.2]","(41.4,53.6]",5,2,-2.505254044
05CGFR04,4.935981579,1106.13,3,"(3.11,5.44]","(53.6,64.8]",4,3,-2.348490313
05CGFR05,2.203317036,902.37,2,"(5.44,9.2]","(53.6,64.8]",5,3,-2.611245942
05CGFR06,1.628716159,943.46,1,"(0.086,3.11]","(53.6,64.8]",3,3,-2.762127707
05CGFR07,1.801801957,685.98,3,"(5.44,9.2]","(53.6,64.8]",5,3,-2.579462177
05CGFR08,1.463509133,871.4,0,"(5.44,9.2]","(53.6,64.8]",5,3,-2.774092111
05CGFR09,3.060837472,1072.3,3,"(0.086,3.11]","(53.6,64.8]",3,3,-2.543234588
05CGFR10,2.262870554,822.45,3,"(3.11,5.44]","(53.6,64.8]",4,3,-2.559253239
05CGFR11,4.656342757,1357.45,6,"(0.086,3.11]","(64.8,82.1]",3,4,-2.463186617
05CGFR12,2.442290835,1168.64,3,"[-6.54,-2.07]","(53.6,64.8]",1,3,-2.678974804
05CGFR13,8.088277721,1241.4,20,"(0.086,3.11]","(64.8,82.1]",3,4,-2.183216804
05CGFR14,2.171623656,743.44,25,"(0.086,3.11]","(82.1,243]",3,5,-2.533190909
05CGFR15,4.130390521,1195.89,1,"(0.086,3.11]","(64.8,82.1]",3,4,-2.460197547
05CGFR16,3.809479823,1154.24,3,"(-2.07,0.086]","(64.8,82.1]",2,4,-2.479994717
05CGFR17,3.683473378,1284.2,2,"(0.086,3.11]","(64.8,82.1]",3,4,-2.541127653
05CGFR18,0.864738797,875.95,0,"[-6.54,-2.07]","(53.6,64.8]",1,3,-3.005165425
05CGFR19,1.702236701,881.92,1,"(-2.07,0.086]","(53.6,64.8]",2,3,-2.713570179
05CGFR20,2.324346532,1151.01,1,"(0.086,3.11]","(53.6,64.8]",3,3,-2.69390032
05CGFR21,2.387412299,898.56,2,"(0.086,3.11]","(64.8,82.1]",3,4,-2.574464229
05CGFR22,0.508780671,611.12,0,"[-6.54,-2.07]","(53.6,64.8]",1,3,-3.079234176
05CGFR23,5.255337544,1555.82,10,"(-2.07,0.086]","(41.4,53.6]",2,2,-2.469889267
05CGFR24,3.138169762,1433.29,2,"[-6.54,-2.07]","(53.6,64.8]",1,3,-2.658705713
05CGFR25,2.825980802,991.28,3,"(-2.07,0.086]","(64.8,82.1]",2,4,-2.543787264
05CGFR26,3.258373683,1043.16,0,"(-2.07,0.086]","(53.6,64.8]",2,3,-2.503991368
05CGFR27,3.356229901,1161.78,3,"(-2.07,0.086]","(41.4,53.6]",2,2,-2.538015758
05CGFR28,4.950545675,1306.47,4,"(-2.07,0.086]","(53.6,64.8]",2,3,-2.419797592
05CGFR29,3.203816916,1306.89,4,"[-6.54,-2.07]","(41.4,53.6]",1,2,-2.609505373
05CGFR30,1.6612797,923.58,2,"[-6.54,-2.07]","(53.6,64.8]",1,3,-2.744249876
05CGFR31,4.062994225,1424.37,0,"(-2.07,0.086]","(53.6,64.8]",2,3,-2.543536024
05CGFR32,1.791223756,1345.8,1,"(0.086,3.11]","(64.8,82.1]",3,4,-2.875252264
05CGFR33,4.110205228,1358.21,2,"(-2.07,0.086]","(53.6,64.8]",2,3,-2.517787165
05CGFR34,3.18958072,1336.42,1,"(-2.07,0.086]","(53.6,64.8]",2,3,-2.621171617
05CGFR35,2.274999139,945.53,1,"(3.11,5.44]","[7.8,41.4]",4,1,-2.61764788
05CGFR36,6.57234482,1593.59,10,"(0.086,3.11]","(41.4,53.6]",3,2,-2.382861417
05CGFR37,2.896213774,1236.09,3,"(-2.07,0.086]","(53.6,64.8]",2,3,-2.629200713
05CGFR38,5.558433743,861.11,1,"(5.44,9.2]","(41.4,53.6]",5,2,-2.187293757
05CGFS01,3.027483998,1258.76,12,"(3.11,5.44]","(82.1,243]",4,5,-2.617815284
05CGFS02,2.803285295,1218.95,3,"(0.086,3.11]","(64.8,82.1]",3,4,-2.637318672
05CGFS03,3.197241508,1009.87,2,"(3.11,5.44]","(82.1,243]",4,5,-2.498112874
05CGFS04,3.729796649,1161.61,3,"(0.086,3.11]","(64.8,82.1]",3,4,-2.491978474
05CGFS05,2.816429772,1292.38,20,"(0.086,3.11]","(82.1,243]",3,5,-2.660743829
05CGFS06,3.668062768,991.6,1,"(0.086,3.11]","(82.1,243]",3,5,-2.430290267
05CGFS07,5.054425346,1155.66,5,"(5.44,9.2]","(64.8,82.1]",5,4,-2.357254687
05CGFS08,1.589357844,748.89,0,"(3.11,5.44]","(64.8,82.1]",4,4,-2.672273666
05CGFS09,3.155021581,1011.59,3,"(3.11,5.44]","(82.1,243]",4,5,-2.504645567
05CGFS10,1.896620601,1032.77,3,"(5.44,9.2]","(64.8,82.1]",5,4,-2.735224861
05CGFS11,2.659643116,1026.91,4,"(5.44,9.2]","(53.6,64.8]",5,3,-2.585582759
05CGFS12,3.564282691,1288.39,4,"(3.11,5.44]","(82.1,243]",4,5,-2.556872079
05CGFS13,3.619211847,1100.17,3,"(5.44,9.2]","(53.6,64.8]",5,3,-2.481414747
05CGFS14,3.506093541,1208.85,0,"(3.11,5.44]","(53.6,64.8]",4,3,-2.536287478
05CGFS15,2.362574734,936.29,2,"(5.44,9.2]","(53.6,64.8]",5,3,-2.596927574
05CGFS16,2.227516478,759.24,3,"(5.44,9.2]","(64.8,82.1]",5,4,-2.531282116
05CGFS17,1.826034607,803.75,4,"(5.44,9.2]","(82.1,243]",5,5,-2.642624188
05CGFS18,2.570698931,768.23,4,"(5.44,9.2]","(64.8,82.1]",5,4,-2.473984346
05CGFS19,3.862593204,1387.19,6,"(5.44,9.2]","(64.8,82.1]",5,4,-2.554046009
05CGFS20,1.615276014,697.41,5,"(5.44,9.2]","(64.8,82.1]",5,4,-2.634234387
05CGFS21,1.131851291,691.51,1,"(5.44,9.2]","(64.8,82.1]",5,4,-2.785297666
05CGFS22,2.068839273,978.94,3,"(5.44,9.2]","(53.6,64.8]",5,3,-2.674110537
05CGFS23,3.072379344,747.76,5,"(5.44,9.2]","(64.8,82.1]",5,4,-2.384499298
05CGFS24,3.270459059,1001.23,2,"(5.44,9.2]","(64.8,82.1]",5,4,-2.484504218
05CGFS25,3.544871233,1023.13,2,"(5.44,9.2]","(64.8,82.1]",5,4,-2.458823028
05CGFS26,1.855929264,618.94,2,"(5.44,9.2]","(82.1,243]",5,5,-2.521782916
05CGFS27,1.696680285,883.54,1,"(5.44,9.2]","(64.8,82.1]",5,4,-2.715791416
05CGFT01,2.799213744,869.94,3,"(3.11,5.44]","[7.8,41.4]",4,1,-2.491053552
05CGFT02,1.571059959,1167.3,2,"(3.11,5.44]","(53.6,64.8]",4,3,-2.870404818
05CGFT03,4.0748119,1121.59,3,"(0.086,3.11]","(41.4,53.6]",3,2,-2.438145869
05CGFT04,2.173716999,1320.14,2,"(3.11,5.44]","(41.4,53.6]",4,2,-2.782701298
05CGFT05,3.187815606,1573.41,4,"(0.086,3.11]","(41.4,53.6]",3,2,-2.692467916
05CGFT06,3.355549497,1107.28,4,"(0.086,3.11]","[7.8,41.4]",3,1,-2.517175703
05CGFT07,1.941903514,822.23,2,"(-2.07,0.086]","[7.8,41.4]",2,1,-2.625738762
05CGFT08,5.03167829,1296.19,2,"(0.086,3.11]","[7.8,41.4]",3,1,-2.409266633
05CGFT09,3.49702259,1120.13,5,"(3.11,5.44]","(41.4,53.6]",4,2,-2.504212012
05CGFT10,4.074720709,1030.84,2,"(0.086,3.11]","[7.8,41.4]",3,1,-2.401373328
05CGFT11,3.915518407,1200.23,3,"(0.086,3.11]","[7.8,41.4]",3,1,-2.48505609
05CGFT12,2.608504253,1261.06,4,"(3.11,5.44]","[7.8,41.4]",4,1,-2.683444932
05CGFT13,3.810190852,1421.04,6,"(3.11,5.44]","[7.8,41.4]",4,1,-2.570493548
05CGFT14,2.38022297,1375.15,12,"(-2.07,0.086]","[7.8,41.4]",2,1,-2.760980067
05CGFT15,1.633744981,1587.44,2,"[-6.54,-2.07]","[7.8,41.4]",1,1,-2.98706586
05CGFT16,0.875617264,705.72,0,"[-6.54,-2.07]","[7.8,41.4]",1,1,-2.905778927
05CGFT17,1.807822046,1026.63,1,"(-2.07,0.086]","[7.8,41.4]",2,1,-2.753492837
05CGFT18,0.917153246,842.86,2,"[-6.54,-2.07]","(41.4,53.6]",1,2,-2.962840704
05CGFT19,1.072604195,961.92,1,"[-6.54,-2.07]","[7.8,41.4]",1,1,-2.952214926
05CGFT20,0.7578713,378.79,0,"[-6.54,-2.07]","[7.8,41.4]",1,1,-2.697933251
05CGFT21,1.614522908,1379.79,1,"[-6.54,-2.07]","[7.8,41.4]",1,1,-2.931260306
05CGFT22,0.730935227,757.09,0,"[-6.54,-2.07]","(41.4,53.6]",1,2,-3.014849123
05CGFT23,1.220781298,712.8,2,"[-6.54,-2.07]","[7.8,41.4]",1,1,-2.765585389
05CGFT24,3.379239471,1159.67,3,"(0.086,3.11]","[7.8,41.4]",3,1,-2.534248086
05CGFT25,1.896704267,997.35,3,"(0.086,3.11]","(41.4,53.6]",3,2,-2.720021268
05CGFT26,1.052997155,707.19,0,"(-2.07,0.086]","[7.8,41.4]",2,1,-2.826461772
05CGFT27,1.028840591,580.16,1,"[-6.54,-2.07]","[7.8,41.4]",1,1,-2.750428842
05CGFT28,0.412425462,387,2,"[-6.54,-2.07]","[7.8,41.4]",1,1,-2.971902422
05CGFT29,3.299339737,1105.62,1,"(0.086,3.11]","[7.8,41.4]",3,1,-2.52388091
05CGFT30,1.590315397,1196.13,7,"[-6.54,-2.07]","(53.6,64.8]",1,3,-2.875717319
05CGFT31,0.389352367,356.52,0,"[-6.54,-2.07]","[7.8,41.4]",1,1,-2.96126653
05CGFT32,0.352487789,466.7,0,"[-6.54,-2.07]","[7.8,41.4]",1,1,-3.121565588
05CGFT33,1.089949263,785.33,0,"[-6.54,-2.07]","[7.8,41.4]",1,1,-2.857042736
05CGFT34,0.368804963,425.2,1,"[-6.54,-2.07]","[7.8,41.4]",1,1,-3.061419642
05CGFT35,0.643153437,579.91,0,"[-6.54,-2.07]","[7.8,41.4]",1,1,-2.954564078
05CGFT36,3.220939331,1224.31,0,"(0.086,3.11]","(41.4,53.6]",3,2,-2.578764796
05CGFT37,4.907282453,1646.22,6,"(3.11,5.44]","[7.8,41.4]",4,1,-2.524350279
05CGFT38,2.777838324,998.62,1,"(0.086,3.11]","[7.8,41.4]",3,1,-2.554483544
05CGFT39,6.040738647,1376.25,6,"(5.44,9.2]","(41.4,53.6]",5,2,-2.355696852
05CGFT40,0.277140377,542.47,2,"(-2.07,0.086]","(41.4,53.6]",2,2,-3.29145399
05CGFT41,2.623731931,709.98,2,"(0.086,3.11]","[7.8,41.4]",3,1,-2.430718746
05CGFT42,3.835952779,1136.64,4,"(3.11,5.44]","[7.8,41.4]",4,1,-2.47028154
05CGFT43,2.007420249,844.56,0,"[-6.54,-2.07]","[7.8,41.4]",1,1,-2.622958712
05CGFT44,0.68799287,335.87,0,"(-2.07,0.086]","[7.8,41.4]",2,1,-2.68769676
05CGFT46,4.833430492,1034.1,2,"(3.11,5.44]","[7.8,41.4]",4,1,-2.32827239
05CGFT47,3.708714279,1294.34,2,"(0.086,3.11]","[7.8,41.4]",3,1,-2.541578812
05CGFT48,3.806492488,1370,2,"(0.086,3.11]","[7.8,41.4]",3,1,-2.55498724
05CGFT49,1.195736183,859.56,0,"(0.086,3.11]","[7.8,41.4]",3,1,-2.856036257
05CGFT50,2.361757048,1285.44,4,"[-6.54,-2.07]","[7.8,41.4]",1,1,-2.735017921
05CGFT51,3.51473024,1207.95,3,"(3.11,5.44]","[7.8,41.4]",4,1,-2.534891467
05CGFT52,3.655308872,1234.64,3,"(3.11,5.44]","[7.8,41.4]",4,1,-2.527328571
05CGFT53,6.18839333,1121.07,7,"(-2.07,0.086]","[7.8,41.4]",2,1,-2.255650841
05CGFT54,1.898761382,1146.03,0,"(-2.07,0.086]","[7.8,41.4]",2,1,-2.780005453
05CGFT55,2.854094654,1165.21,2,"(-2.07,0.086]","[7.8,41.4]",2,1,-2.609870754
05CGFT56,2.431584032,1301.5,0,"[-6.54,-2.07]","[7.8,41.4]",1,1,-2.727742741
05CGFT57,1.108350019,976.3,1,"[-6.54,-2.07]","[7.8,41.4]",1,1,-2.944413041
05CGFT58,0.819291478,535.79,1,"[-6.54,-2.07]","[7.8,41.4]",1,1,-2.814891566
05CGFU01,2.129213893,477.45,3,"(0.086,3.11]","(82.1,243]",3,5,-2.348767515
05CGFU02,6.004990473,933.4,4,"(0.086,3.11]","(64.8,82.1]",3,4,-2.188752432
05CGFU03,1.514153706,445.37,0,"(0.086,3.11]","(82.1,243]",3,5,-2.467071981
05CGFU04,1.896927051,575.6,2,"(0.086,3.11]","(82.1,243]",3,5,-2.480636546
05CGFU05,1.440008415,339.6,1,"(-2.07,0.086]","(64.8,82.1]",2,4,-2.370757194
05CGFU06,2.308708542,601.38,1,"(-2.07,0.086]","(64.8,82.1]",2,4,-2.414109398
05CGFU07,1.259198405,386.69,2,"(0.086,3.11]","(82.1,243]",3,5,-2.485852253
05CGFU08,2.750341555,640.11,2,"(-2.07,0.086]","(82.1,243]",2,5,-2.364997941
05CGFU09,2.151675907,883.13,2,"(0.086,3.11]","(64.8,82.1]",3,4,-2.612188366
05CGFU10,8.168702519,1165.27,2,"(-2.07,0.086]","(64.8,82.1]",2,4,-2.1512183
05CGFU11,6.656730465,1185.8,4,"(-2.07,0.086]","(64.8,82.1]",2,4,-2.248305604
05CGFU12,4.928504312,1095.61,10,"[-6.54,-2.07]","(53.6,64.8]",1,3,-2.344982804
05CGFU13,1.885895473,548.89,5,"(0.086,3.11]","(64.8,82.1]",3,4,-2.462472967
05CGFU14,2.403807525,1228.55,2,"[-6.54,-2.07]","(64.8,82.1]",1,4,-2.707642563
05CGFU15,5.001335261,878.64,10,"(0.086,3.11]","(64.8,82.1]",3,4,-2.242245878
05CGFU16,4.543580505,1072.76,3,"[-6.54,-2.07]","(64.8,82.1]",1,4,-2.371261022
05CGFU17,1.878678963,558.85,2,"(0.086,3.11]","(53.6,64.8]",3,3,-2.471980261
05CGFU18,1.379791954,518.54,0,"(3.11,5.44]","(64.8,82.1]",4,4,-2.573811493
05CGFU19,2.483206435,783.4,0,"(0.086,3.11]","(64.8,82.1]",3,4,-2.497591937
05CGFU20,0.374642493,220.72,0,"(3.11,5.44]","(64.8,82.1]",4,4,-2.76948687
05CGFU21,1.281004422,502.75,3,"(3.11,5.44]","(64.8,82.1]",4,4,-2.592693458
05CGFU22,3.109374925,1001.9,4,"(-2.07,0.086]","(64.8,82.1]",2,4,-2.506801365
05CGFU23,3.084366535,1128.17,0,"(-2.07,0.086]","(64.8,82.1]",2,4,-2.562019597
05CGFU24,1.101409543,532.14,2,"(3.11,5.44]","(82.1,243]",4,5,-2.683177247
05CGFU25,3.017486668,1461.29,2,"[-6.54,-2.07]","(64.8,82.1]",1,4,-2.68419333
05CGFU26,2.932104769,1194.06,3,"[-6.54,-2.07]","(64.8,82.1]",1,4,-2.608778911
05CGFU27,2.886731471,628.46,1,"(0.086,3.11]","(64.8,82.1]",3,4,-2.335871796
05CGFU28,1.262489565,631.82,2,"(3.11,5.44]","(82.1,243]",4,5,-2.698496906
05CGFU29,3.032759884,1013.16,5,"[-6.54,-2.07]","(64.8,82.1]",1,4,-2.522538056
05CGFU30,3.975212306,1326.48,3,"(-2.07,0.086]","(64.8,82.1]",2,4,-2.522036925
05CGFU31,1.155328836,586.03,3,"(0.086,3.11]","(64.8,82.1]",3,4,-2.704357201
05CGFU32,1.563028163,402.6,0,"(0.086,3.11]","(82.1,243]",3,5,-2.409217609
05CGFU33,2.315900022,844.27,1,"(-2.07,0.086]","(64.8,82.1]",2,4,-2.560568609
05CGFU34,1.352318875,518.16,2,"(0.086,3.11]","(82.1,243]",3,5,-2.58224985
05CGFU35,1.742366527,554.92,1,"(0.086,3.11]","(82.1,243]",3,5,-2.501725093
05CGFW01,3.25502703,984.49,2,"(3.11,5.44]","(53.6,64.8]",4,3,-2.47921842
05CGFW02,3.305604494,1004.52,1,"(5.44,9.2]","(64.8,82.1]",5,4,-2.481276195
05CGFW03,4.09843898,1484.12,1,"(3.11,5.44]","(41.4,53.6]",4,2,-2.557649569
05CGFW04,4.530219678,1365.54,5,"(0.086,3.11]","(41.4,53.6]",3,2,-2.477741984
05CGFW05,3.005190016,968.26,2,"(3.11,5.44]","(53.6,64.8]",4,3,-2.506770037
05CGFW06,2.448613365,1029.26,3,"(5.44,9.2]","(53.6,64.8]",5,3,-2.62257046
05CGFW07,3.896838686,997.42,2,"(5.44,9.2]","(64.8,82.1]",5,4,-2.406465568
05CGFW08,1.509096558,1275.23,2,"[-6.54,-2.07]","(53.6,64.8]",1,3,-2.926357248
05CGFW09,2.08212066,817.64,0,"(3.11,5.44]","(53.6,64.8]",4,3,-2.592948894
05CGFW10,3.162382808,911.93,2,"(3.11,5.44]","(41.4,53.6]",4,2,-2.458438403
05CGFW11,1.411524805,799.03,1,"(3.11,5.44]","(41.4,53.6]",4,2,-2.75210669
05CGFW12,1.836379691,1147.82,3,"(3.11,5.44]","(41.4,53.6]",4,2,-2.795215929
05CGFW13,3.781525373,1334.45,4,"(0.086,3.11]","(53.6,64.8]",3,3,-2.546402849
05CGFW14,4.793013341,1261.73,3,"(3.11,5.44]","(53.6,64.8]",4,3,-2.418704868
05CGFW15,3.310837522,1067.02,2,"(3.11,5.44]","(41.4,53.6]",4,2,-2.506885032
05CGFW16,3.578301951,933.47,2,"(5.44,9.2]","(53.6,64.8]",5,3,-2.414755385
05CGFW17,3.103686431,1382.76,2,"(0.086,3.11]","(41.4,53.6]",3,2,-2.647893075
05CGFW18,4.016130145,1204.62,7,"(3.11,5.44]","(64.8,82.1]",4,4,-2.475591961
05CGFW19,3.075794603,941.12,2,"(3.11,5.44]","(53.6,64.8]",4,3,-2.484265974
05CGFW20,3.370326997,979.77,1,"(5.44,9.2]","(53.6,64.8]",5,3,-2.461955586
05CGFW21,2.884644017,964.59,1,"(3.11,5.44]","(53.6,64.8]",4,3,-2.522949809
05CGFW22,3.940672285,1252.25,3,"(0.086,3.11]","(53.6,64.8]",3,3,-2.500751896
05CGFW23,3.271021955,858.21,5,"(3.11,5.44]","(53.6,64.8]",4,3,-2.417251659
05CGFW24,4.304198193,1113.7,5,"(3.11,5.44]","(53.6,64.8]",4,3,-2.411194257
05CGFW25,2.876549122,1043.11,6,"(3.11,5.44]","(53.6,64.8]",4,3,-2.558259021
05CGFW26,2.792961231,1114.66,9,"(3.11,5.44]","(41.4,53.6]",4,2,-2.599987948
05CGFW27,5.434630561,892.73,3,"(5.44,9.2]","(41.4,53.6]",5,2,-2.212898188
05CGFW28,5.069114995,1136.02,16,"(-2.07,0.086]","(53.6,64.8]",2,3,-2.348511601
05CGFW29,3.488338426,1244.24,5,"(5.44,9.2]","(53.6,64.8]",5,3,-2.551066253
05CGFW30,3.677094684,1321.76,5,"[-6.54,-2.07]","(53.6,64.8]",1,3,-2.554437915
05CGFW31,2.9557976,909.58,3,"(5.44,9.2]","(53.6,64.8]",5,3,-2.486752616
05CGFW32,3.616265838,1206.8,8,"(5.44,9.2]","(64.8,82.1]",5,4,-2.522071603
05CGFX01,2.279722785,974.17,2,"(5.44,9.2]","(82.1,243]",5,5,-2.629735198
05CGFX06,0.472365612,477.07,0,"(3.11,5.44]","(82.1,243]",4,5,-3.003873609
05CGFX07,5.174346615,1060.38,6,"(0.086,3.11]","(64.8,82.1]",3,4,-2.309481592
05CGFX08,1.664640916,717.97,2,"(-2.07,0.086]","(64.8,82.1]",2,4,-2.633777635
05CGFX09,2.280908686,862.92,1,"(0.086,3.11]","(64.8,82.1]",3,4,-2.576713169
05CGFX10,1.710021806,662.26,0,"(-2.07,0.086]","(64.8,82.1]",2,4,-2.586904034
05CGFX11,0.683527932,420.8,0,"(0.086,3.11]","(64.8,82.1]",3,4,-2.788613443
05CGFX12,2.697818981,908.96,0,"(0.086,3.11]","(64.8,82.1]",3,4,-2.526241051
05CGFX13,3.94919242,1188.74,23,"(3.11,5.44]","(64.8,82.1]",4,4,-2.477133381
05CGFX14,3.847894795,831.55,7,"(5.44,9.2]","(64.8,82.1]",5,4,-2.33265087
05CGFX15,6.857443505,1362.04,5,"(3.11,5.44]","(82.1,243]",4,5,-2.295835565
05CGFX16,0.110095338,80.7,0,"(3.11,5.44]","(82.1,243]",4,5,-2.864511713
05CGFX17,2.969043936,665.17,1,"(0.086,3.11]","(53.6,64.8]",3,3,-2.348373179
05CGFX18,1.280419672,531.07,9,"(0.086,3.11]","(64.8,82.1]",3,4,-2.616751075
05CGFX19,1.638340468,607.21,4,"(0.086,3.11]","(64.8,82.1]",3,4,-2.567761383
05CGFX20,1.280494981,398.51,0,"(5.44,9.2]","(64.8,82.1]",5,4,-2.491663619
05CGFX21,2.339652297,539.62,4,"(5.44,9.2]","(64.8,82.1]",5,4,-2.361049635
05CGFX22,3.856502116,1026.19,4,"(5.44,9.2]","(82.1,243]",5,5,-2.423399017
05CGFX23,2.419353116,548.34,2,"(-2.07,0.086]","(53.6,64.8]",2,3,-2.353430259
05CGFX24,1.535695578,627.57,0,"(-2.07,0.086]","(53.6,64.8]",2,3,-2.610292998
05CGFX25,1.709937373,557.93,0,"(0.086,3.11]","(53.6,64.8]",3,3,-2.512266445
05CGFX26,1.844467292,534.7,1,"(5.44,9.2]","(82.1,243]",5,5,-2.460738521
05CGFX27,2.15620287,861.62,1,"(5.44,9.2]","(82.1,243]",5,5,-2.600537968
05CGFX28,1.03012095,245.24,0,"(5.44,9.2]","(82.1,243]",5,5,-2.374875009
05CGFX29,1.600789647,532.91,4,"(0.086,3.11]","(53.6,64.8]",3,3,-2.521013078
05CGFX30,2.267222684,515.51,1,"(0.086,3.11]","(53.6,64.8]",3,3,-2.354828668
05CGFX31,0.839707284,342.1,4,"(5.44,9.2]","(64.8,82.1]",5,4,-2.608957838
05CGFX32,1.685247294,730.39,1,"(5.44,9.2]","(64.8,82.1]",5,4,-2.635887964
05CGFX33,0.273771792,138.88,0,"(5.44,9.2]","(64.8,82.1]",5,4,-2.704394047
05CGFX34,3.389903343,612.28,3,"(5.44,9.2]","(82.1,243]",5,5,-2.254351595
05CGFX35,1.963348865,680.21,3,"(5.44,9.2]","(82.1,243]",5,5,-2.538390182
05CGFX36,1.582868112,596.59,1,"(5.44,9.2]","(82.1,243]",5,5,-2.575077441
05CGFX37,1.550147727,570.04,2,"(5.44,9.2]","(82.1,243]",5,5,-2.564349629
05CGFX39,0.489396622,290.39,2,"(3.11,5.44]","(82.1,243]",4,5,-2.772588152
05CGFX40,0.163874974,125.92,0,"(5.44,9.2]","(82.1,243]",5,5,-2.885016511
05CGFX42,2.449666319,475.67,2,"(5.44,9.2]","(82.1,243]",5,5,-2.285956466
05CGFY01,1.808304628,899.68,0,"(5.44,9.2]","(41.4,53.6]",5,2,-2.695942687
05CGFY02,1.381172775,1013.68,3,"(3.11,5.44]","(41.4,53.6]",4,2,-2.865060725
05CGFY03,3.194781551,867.25,4,"(5.44,9.2]","(41.4,53.6]",5,2,-2.43210033
05CGFY04,2.207392334,968.64,2,"(3.11,5.44]","(41.4,53.6]",4,2,-2.641292045
05CGFY05,1.694313304,1032.93,2,"(0.086,3.11]","(41.4,53.6]",3,2,-2.784364213
05CGFY06,3.040935562,992.97,0,"(5.44,9.2]","(41.4,53.6]",5,2,-2.512596858
05CGFY07,3.171962672,1063.75,7,"(5.44,9.2]","[7.8,41.4]",5,1,-2.524214562
05CGFY08,3.692004155,1073.28,4,"(-2.07,0.086]","(41.4,53.6]",2,2,-2.461954339
05CGFY09,2.597142004,1087.96,1,"(3.11,5.44]","(41.4,53.6]",4,2,-2.621079259
05CGFY10,4.181643803,1337.57,6,"(3.11,5.44]","(41.4,53.6]",4,2,-2.503609622
05CGFY11,2.893841908,1198.14,0,"(3.11,5.44]","(41.4,53.6]",4,2,-2.615982555
05CGFY12,3.212279014,1074.55,4,"(-2.07,0.086]","(53.6,64.8]",2,3,-2.523113136
05CGFY13,3.391563654,1157.75,2,"(-2.07,0.086]","(41.4,53.6]",2,2,-2.531940709
05CGFY14,3.971249595,1370.22,2,"[-6.54,-2.07]","(53.6,64.8]",1,3,-2.536602594
05CGFY15,2.022237396,991.75,1,"[-6.54,-2.07]","(41.4,53.6]",1,2,-2.689683615
05CGFY16,4.745620363,1158.03,2,"(-2.07,0.086]","(53.6,64.8]",2,3,-2.385643417
05CGFY17,2.417813606,1457.87,4,"(3.11,5.44]","(41.4,53.6]",4,2,-2.779575126
05CGFY18,3.870571853,1300.81,4,"(-2.07,0.086]","(41.4,53.6]",2,2,-2.525144559
05CGFY19,2.103214415,877.92,2,"[-6.54,-2.07]","(64.8,82.1]",1,4,-2.619529715
05CGFY20,4.824190135,981.26,2,"(3.11,5.44]","(64.8,82.1]",4,4,-2.306219282
05CGFY21,1.717549348,832.32,1,"(3.11,5.44]","(41.4,53.6]",4,2,-2.684483984
05CGFY22,4.309661814,1147.93,1,"(3.11,5.44]","[7.8,41.4]",4,1,-2.423838679
05CGFY23,4.616666835,950.17,1,"(3.11,5.44]","[7.8,41.4]",4,1,-2.311357495
05CGFY24,2.860573014,1097.73,3,"(3.11,5.44]","(41.4,53.6]",4,2,-2.582909291
05CGFY25,3.187362819,1018.55,7,"(3.11,5.44]","(41.4,53.6]",4,2,-2.503189676
05CGFY26,3.414502181,1002.58,2,"(3.11,5.44]","(53.6,64.8]",4,3,-2.466310035
05CGFY27,8.47982423,1257.65,10,"(3.11,5.44]","[7.8,41.4]",4,1,-2.168234757
05CGFY28,9.244671901,1343.6,6,"(3.11,5.44]","[7.8,41.4]",4,1,-2.159379992
05CGFY29,2.855014086,811.92,2,"(3.11,5.44]","(41.4,53.6]",4,2,-2.452375151
05CGFY30,2.084143208,761.83,2,"(5.44,9.2]","[7.8,41.4]",5,1,-2.561740783
05CGFY31,4.789359037,1271.4,2,"(5.44,9.2]","(41.4,53.6]",5,2,-2.422365737
05CGFY32,2.940721347,790.34,4,"(5.44,9.2]","(41.4,53.6]",5,2,-2.427741138
05CGFY33,2.860881087,927.49,3,"(5.44,9.2]","(41.4,53.6]",5,2,-2.50946776
05CGFY34,1.923223338,737.39,1,"(5.44,9.2]","[7.8,41.4]",5,1,-2.582533339
05CGFY35,6.128647024,907.54,1,"(5.44,9.2]","(41.4,53.6]",5,2,-2.167558414
05CGFZ01,3.760699208,1318.54,0,"(3.11,5.44]","(82.1,243]",4,5,-2.54358426
05CGFZ02,3.640083766,1138.32,2,"(5.44,9.2]","(82.1,243]",5,5,-2.49376199
05CGFZ03,2.706409454,1007.62,0,"(5.44,9.2]","(82.1,243]",5,5,-2.569735218
05CGFZ04,1.517680557,824.68,5,"(5.44,9.2]","(64.8,82.1]",5,4,-2.734305112
05CGFZ05,2.285190439,1102.67,2,"(0.086,3.11]","(82.1,243]",3,5,-2.682622188
05CGFZ06,2.98692383,1163.85,2,"(3.11,5.44]","(82.1,243]",4,5,-2.58955685
05CGFZ07,2.159133868,1172.64,2,"(5.44,9.2]","(82.1,243]",5,5,-2.734084749
05CGFZ08,2.180997582,811.81,3,"(0.086,3.11]","(82.1,243]",3,5,-2.569630873
05CGFZ09,1.77822602,818.62,0,"[-6.54,-2.07]","(82.1,243]",1,5,-2.662150979
05CGFZ10,5.174537329,935.34,9,"(0.086,3.11]","(82.1,243]",3,5,-2.254688686
05CGFZ11,0.823971541,929,1,"[-6.54,-2.07]","(64.8,82.1]",1,4,-3.051718136
05CGFZ12,1.399091388,767.01,0,"[-6.54,-2.07]","(82.1,243]",1,5,-2.738162029
05CGFZ13,1.615225511,794.94,0,"(-2.07,0.086]","(82.1,243]",2,5,-2.691217852
05CGFZ14,2.861372945,806.45,4,"(3.11,5.44]","(64.8,82.1]",4,4,-2.448459315
05CGFZ15,3.46970724,1075.53,3,"(5.44,9.2]","(53.6,64.8]",5,3,-2.489926378
05CGFZ16,1.95976215,783.19,3,"(5.44,9.2]","(41.4,53.6]",5,2,-2.600575679
05CGFZ17,0.241228874,623.98,0,"[-6.54,-2.07]","(53.6,64.8]",1,3,-3.412573451
05CGFZ18,6.20769483,1350.2,2,"(0.086,3.11]","(64.8,82.1]",3,4,-2.335466423
05CGFZ19,4.240377261,1065.49,2,"(5.44,9.2]","(64.8,82.1]",5,4,-2.398413052
05CGFZ20,0.711009565,731.87,0,"(5.44,9.2]","(53.6,64.8]",5,3,-3.012136381
05CGFZ21,3.241267237,1051.64,2,"(5.44,9.2]","(53.6,64.8]",5,3,-2.509811648
05CGFZ22,1.831815263,698.86,1,"(-2.07,0.086]","(64.8,82.1]",2,4,-2.580368666
05CGFZ23,2.76681027,718.29,3,"(0.086,3.11]","(82.1,243]",3,5,-2.412644335
05CGFZ24,0.635460384,398.4,0,"(5.44,9.2]","(64.8,82.1]",5,4,-2.796537583
05CGFZ25,1.8002667,630.5,1,"(0.086,3.11]","(82.1,243]",3,5,-2.543106428
05CGFZ26,2.941272547,949.01,2,"(3.11,5.44]","(64.8,82.1]",4,4,-2.507387418
05CGFZ27,6.44048793,1290.1,10,"(5.44,9.2]","(53.6,64.8]",5,3,-2.299531073
05CGFZ28,2.241466244,685.99,2,"(0.086,3.11]","(82.1,243]",3,5,-2.484364205
05CGFZ29,2.906405141,1086.67,3,"(3.11,5.44]","(64.8,82.1]",4,4,-2.571578405
05CGFZ30,2.390087924,1095.86,2,"(3.11,5.44]","(53.6,64.8]",4,3,-2.66039296
05CGFZ31,2.071966363,860.66,1,"(-2.07,0.086]","(82.1,243]",2,5,-2.617402131
05CGFZ32,2.887071196,835.82,0,"(0.086,3.11]","(82.1,243]",3,5,-2.460152538
05CGGA01,1.384739571,634.33,0,"(0.086,3.11]","(64.8,82.1]",3,4,-2.659998049
05CGGA02,4.224292073,783.39,3,"(3.11,5.44]","(53.6,64.8]",4,3,-2.265875892
05CGGA03,1.557243306,608,3,"(5.44,9.2]","(53.6,64.8]",5,3,-2.590433341
05CGGA04,3.234307143,1163,3,"(3.11,5.44]","(64.8,82.1]",4,4,-2.554588998
05CGGA05,4.304758052,1082.76,1,"(3.11,5.44]","(53.6,64.8]",4,3,-2.398853379
05CGGA06,1.682955234,436.33,3,"(3.11,5.44]","(82.1,243]",4,5,-2.412064167
05CGGA07,1.5067512,547.7,2,"(5.44,9.2]","(64.8,82.1]",5,4,-2.559304782
05CGGA08,1.293406553,557.92,0,"(5.44,9.2]","(53.6,64.8]",5,3,-2.633828894
05CGGA09,0.818001004,644.47,3,"(5.44,9.2]","(41.4,53.6]",5,2,-2.895897286
05CGGA10,1.118046204,878.91,0,"(3.11,5.44]","(41.4,53.6]",4,2,-2.894931844
05CGGA11,0.982113404,352.89,2,"(5.44,9.2]","(41.4,53.6]",5,2,-2.554267362
05CGGA12,1.509581032,444.78,0,"(5.44,9.2]","(53.6,64.8]",5,3,-2.46781232
05CGGA13,1.690916193,797.38,2,"(3.11,5.44]","(53.6,64.8]",4,3,-2.672621317
05CGGA14,2.10350234,675.16,2,"(-2.07,0.086]","(64.8,82.1]",2,4,-2.505108522
05CGGA15,1.654607506,596.59,0,"(5.44,9.2]","(64.8,82.1]",5,4,-2.555774816
05CGGA16,2.004320584,543.96,2,"(-2.07,0.086]","(64.8,82.1]",2,4,-2.431996585
05CGGA17,1.110973384,597.62,1,"(5.44,9.2]","(53.6,64.8]",5,3,-2.729913365
05CGGA18,1.949370575,485.79,0,"(5.44,9.2]","(53.6,64.8]",5,3,-2.394807928
05CGGA19,0.589843289,458.01,0,"(5.44,9.2]","(41.4,53.6]",5,2,-2.889578656
05CGGA20,3.212658829,1095.3,3,"(5.44,9.2]","(41.4,53.6]",5,2,-2.531392765
05CGGA21,2.61582099,999.61,1,"(5.44,9.2]","(53.6,64.8]",5,3,-2.581084602
05CGGA22,2.460328047,825.39,2,"(5.44,9.2]","(64.8,82.1]",5,4,-2.524369704
05CGGA23,2.669068006,933.01,0,"(5.44,9.2]","(53.6,64.8]",5,3,-2.542282489
05CGGA24,2.666891974,1253.84,3,"(3.11,5.44]","(64.8,82.1]",4,4,-2.671311977
05CGGA25,2.270566415,880.36,4,"(5.44,9.2]","(41.4,53.6]",5,2,-2.587404541
05CGGA26,2.458766167,936.86,1,"(5.44,9.2]","(53.6,64.8]",5,3,-2.579816175
05CGGA27,2.357737375,793.12,2,"(5.44,9.2]","(53.6,64.8]",5,3,-2.525550507
05CGGA28,2.470108566,837.13,4,"(3.11,5.44]","(53.6,64.8]",4,3,-2.528793503
05CGGA29,3.189264261,789.67,5,"(5.44,9.2]","(53.6,64.8]",5,3,-2.391997583
05CGGA30,3.908399433,1080.13,2,"(5.44,9.2]","(53.6,64.8]",5,3,-2.439902763
05CGGA31,2.82212774,766.11,2,"(5.44,9.2]","(53.6,64.8]",5,3,-2.432111694
05CGGA32,2.929219942,954.03,3,"(5.44,9.2]","(64.8,82.1]",5,4,-2.511474556
05CGGA33,2.601884933,943.7,1,"(5.44,9.2]","(64.8,82.1]",5,4,-2.558346817
05CGGA34,1.269973802,691.7,1,"(5.44,9.2]","(53.6,64.8]",5,3,-2.735324908
05CGGA35,3.473327077,1183.35,4,"(5.44,9.2]","(53.6,64.8]",5,3,-2.531090933
05CGGA36,5.130307254,1159.88,3,"(5.44,9.2]","(53.6,64.8]",5,3,-2.35234448
05CGGA37,2.301571481,850.1,2,"(5.44,9.2]","(41.4,53.6]",5,2,-2.56626814
05CGGB01,2.448998745,922.22,1,"(5.44,9.2]","(82.1,243]",5,5,-2.57469115
05CGGB02,0.325643462,233.78,1,"(5.44,9.2]","(82.1,243]",5,5,-2.85545962
05CGGB03,0.098683358,175.23,0,"(5.44,9.2]","(82.1,243]",5,5,-3.249119893
05CGGB05,1.268017053,513.49,2,"(5.44,9.2]","(82.1,243]",5,5,-2.606333119
05CGGB06,5.026064953,872.63,10,"(0.086,3.11]","(82.1,243]",3,5,-2.237093416
05CGGB07,1.158374299,512.54,4,"(3.11,5.44]","(82.1,243]",4,5,-2.644896206
05CGGB08,3.939077397,871.48,8,"(5.44,9.2]","(82.1,243]",5,5,-2.342895456
05CGGB09,3.060605306,926.91,0,"(5.44,9.2]","(82.1,243]",5,5,-2.479793852
05CGGB10,0.97311702,343.97,0,"(0.086,3.11]","(82.1,243]",3,5,-2.547125105
05CGGB11,2.899846185,676.64,3,"(0.086,3.11]","(82.1,243]",3,5,-2.366117469
05CGGB12,4.584424378,1074.14,2,"(3.11,5.44]","(82.1,243]",4,5,-2.367918543
05CGGB13,3.424723809,1050.41,5,"(5.44,9.2]","(82.1,243]",5,5,-2.485315021
05CGGB14,0.476952429,315.34,2,"(3.11,5.44]","(82.1,243]",4,5,-2.81964663
05CGGB15,1.173573922,569.15,2,"(0.086,3.11]","(82.1,243]",3,5,-2.68481986
05CGGB16,3.13233813,833.47,0,"(5.44,9.2]","(82.1,243]",5,5,-2.4233861
05CGGB17,1.628477549,493.58,0,"(3.11,5.44]","(82.1,243]",4,5,-2.480140533
05CGGB18,2.650563968,898.72,2,"(5.44,9.2]","(82.1,243]",5,5,-2.529003374
05CGGB19,1.128757068,701.19,2,"(5.44,9.2]","(82.1,243]",5,5,-2.792535552
05CGGB20,2.727917063,609.86,7,"(3.11,5.44]","(64.8,82.1]",4,4,-2.347452021
05CGGB21,1.878778171,616.93,1,"(5.44,9.2]","(82.1,243]",5,5,-2.51503578
05CGGB22,3.355351789,852.96,3,"(5.44,9.2]","(64.8,82.1]",5,4,-2.40347882
05CGGB23,1.810609013,701.55,4,"(3.11,5.44]","(82.1,243]",4,5,-2.587111645
05CGGB24,3.687085355,886.44,3,"(0.086,3.11]","(64.8,82.1]",3,4,-2.379155969
05CGGB25,1.774409645,428.12,1,"(3.11,5.44]","(64.8,82.1]",4,4,-2.380707886
05CGGB26,0.936249605,568.28,0,"(3.11,5.44]","(82.1,243]",4,5,-2.782454628
05CGGB27,1.510941062,554.18,1,"(3.11,5.44]","(82.1,243]",4,5,-2.563217627
05CGGB28,1.504580437,618.92,2,"(5.44,9.2]","(82.1,243]",5,5,-2.613162061
05CGGB30,0.838099282,425.07,1,"(0.086,3.11]","(64.8,82.1]",3,4,-2.704307854
05CGGB31,2.044918783,723.01,1,"(0.086,3.11]","(82.1,243]",3,5,-2.547238167
05CGGB32,0.739756646,479.89,0,"(5.44,9.2]","(82.1,243]",5,5,-2.811382837
05CGGB33,1.056690921,420.01,0,"(3.11,5.44]","(82.1,243]",4,5,-2.598217649
05CGGB34,1.825173357,719.39,3,"(5.44,9.2]","(82.1,243]",5,5,-2.594557022
05CGGB35,1.498426405,580.89,0,"(5.44,9.2]","(82.1,243]",5,5,-2.587336757
05CGGB36,1.733540669,501.45,0,"(3.11,5.44]","(82.1,243]",4,5,-2.459789619
05CGGB41,2.014392238,832,6,"(3.11,5.44]","(82.1,243]",4,5,-2.614926522
05CGGB42,1.978541991,784.83,0,"(3.11,5.44]","(82.1,243]",4,5,-2.597334093
05CGGC01,1.81022817,1266.49,5,"(-2.07,0.086]","(41.4,53.6]",2,2,-2.844247253
05CGGC02,4.165361299,1442.24,3,"(0.086,3.11]","(41.4,53.6]",3,2,-2.53812875
05CGGC03,3.204991888,954.23,3,"(3.11,5.44]","(41.4,53.6]",4,2,-2.472365003
05CGGC04,2.431659703,1042.46,3,"(5.44,9.2]","(64.8,82.1]",5,4,-2.631142376
05CGGC05,2.41159087,885.3,1,"(3.11,5.44]","(41.4,53.6]",4,2,-2.563602184
05CGGC06,1.816274247,991.43,0,"(3.11,5.44]","(41.4,53.6]",4,2,-2.736284285
05CGGC07,2.73982305,932.41,4,"(5.44,9.2]","(41.4,53.6]",5,2,-2.530606384
05CGGC08,7.353313875,1318.01,8,"(3.11,5.44]","(41.4,53.6]",4,2,-2.251005843
05CGGC09,2.381229923,1009.21,5,"(5.44,9.2]","(41.4,53.6]",5,2,-2.626154286
05CGGC10,2.272621202,985.27,1,"(5.44,9.2]","(41.4,53.6]",5,2,-2.636025306
05CGGC11,1.876284615,871.11,5,"(5.44,9.2]","(53.6,64.8]",5,3,-2.665837846
05CGGC12,1.834889697,877.03,2,"(3.11,5.44]","(41.4,53.6]",4,2,-2.678494921
05CGGC13,2.219381989,832.89,2,"(3.11,5.44]","(82.1,243]",4,5,-2.573196792
05CGGC14,2.279974605,973.56,3,"(5.44,9.2]","(41.4,53.6]",5,2,-2.629414448
05CGGC15,3.179933909,936.74,1,"(5.44,9.2]","(41.4,53.6]",5,2,-2.467724172
05CGGC16,2.581086909,817.56,5,"(5.44,9.2]","(41.4,53.6]",5,2,-2.499343744
05CGGC17,0.984630966,768.47,2,"(5.44,9.2]","(41.4,53.6]",5,2,-2.891796615
05CGGC18,2.305120231,676.46,1,"(5.44,9.2]","(53.6,64.8]",5,3,-2.4660661
05CGGC19,2.033465891,860.27,0,"(3.11,5.44]","(64.8,82.1]",4,4,-2.625370106
05CGGC20,2.031623501,746.64,4,"(3.11,5.44]","(53.6,64.8]",4,3,-2.56408469
05CGGC21,4.207704009,1213.66,1,"(3.11,5.44]","(41.4,53.6]",4,2,-2.458543562
05CGGC22,2.631228081,949.17,1,"(5.44,9.2]","(41.4,53.6]",5,2,-2.555979913
05CGGC23,2.787081577,896.36,4,"(5.44,9.2]","(53.6,64.8]",5,3,-2.505980318
05CGGC24,2.658341919,704.07,2,"(5.44,9.2]","(41.4,53.6]",5,2,-2.42136214
05CGGC25,1.639804399,653.01,3,"(5.44,9.2]","(41.4,53.6]",5,2,-2.599035836
05CGGC26,2.328119904,660.03,2,"(5.44,9.2]","(41.4,53.6]",5,2,-2.45102374
05CGGC27,2.384031322,739.68,6,"(5.44,9.2]","(41.4,53.6]",5,2,-2.490329902
05CGGC28,2.225740189,909.66,2,"(5.44,9.2]","(53.6,64.8]",5,3,-2.610340704
05CGGC29,2.887518735,1280.16,3,"(3.11,5.44]","(41.4,53.6]",4,2,-2.645758745
05CGGC30,2.202682551,684.9,1,"(5.44,9.2]","(53.6,64.8]",5,3,-2.491276285
05CGGC31,1.722390833,738.39,1,"(5.44,9.2]","(53.6,64.8]",5,3,-2.631139869
05CGGC32,1.667466945,723.85,1,"(5.44,9.2]","(64.8,82.1]",5,4,-2.636589747
05CGGD02,2.360392872,884.99,1,"[-6.54,-2.07]","[7.8,41.4]",1,1,-2.572794197
05CGGD03,4.291933259,1032.52,2,"(3.11,5.44]","[7.8,41.4]",4,1,-2.379436494
05CGGD04,1.671218668,786.18,1,"[-6.54,-2.07]","[7.8,41.4]",1,1,-2.671564531
05CGGD05,3.454025143,1273.6,4,"(0.086,3.11]","[7.8,41.4]",3,1,-2.565528142
05CGGD06,2.419333046,977.41,5,"(0.086,3.11]","[7.8,41.4]",3,1,-2.605304801
05CGGD07,4.803328307,1369.88,2,"(-2.07,0.086]","[7.8,41.4]",2,1,-2.453614773
05CGGD08,1.217431029,784.67,2,"[-6.54,-2.07]","[7.8,41.4]",1,1,-2.808568342
05CGGD09,4.185790909,774.07,1,"(-2.07,0.086]","[7.8,41.4]",2,1,-2.264647882
05CGGD10,3.804965751,1450.47,1,"(-2.07,0.086]","[7.8,41.4]",2,1,-2.580017233
05CGGD11,2.749768172,1280.62,1,"[-6.54,-2.07]","[7.8,41.4]",1,1,-2.667190673
05CGGD12,3.769747018,1623.33,6,"[-6.54,-2.07]","[7.8,41.4]",1,1,-2.633084903
05CGGD13,2.717290493,908.68,1,"(-2.07,0.086]","[7.8,41.4]",2,1,-2.522974253
05CGGD14,3.657230902,1260.41,1,"(-2.07,0.086]","[7.8,41.4]",2,1,-2.53609747
05CGGD16,4.982153214,865.63,2,"[-6.54,-2.07]","[7.8,41.4]",1,1,-2.237408407
05CGGD17,1.619585787,667.95,1,"(-2.07,0.086]","[7.8,41.4]",2,1,-2.61428568
05CGGD18,3.321869134,1288.22,1,"(0.086,3.11]","[7.8,41.4]",3,1,-2.587486178
05CGGD19,3.446025703,1429.32,3,"(-2.07,0.086]","[7.8,41.4]",2,1,-2.61676263
05CGGD20,1.653598487,1236.96,1,"[-6.54,-2.07]","[7.8,41.4]",1,1,-2.873344626
05CGGD21,3.359074281,1453.57,2,"[-6.54,-2.07]","[7.8,41.4]",1,1,-2.635211565
05CGGD22,1.879905331,854.05,1,"(-2.07,0.086]","[7.8,41.4]",2,1,-2.65639031
05CGGD23,0.22198002,275.87,0,"[-6.54,-2.07]","[7.8,41.4]",1,1,-3.094040991
05CGGD24,1.620243803,945.79,1,"[-6.54,-2.07]","[7.8,41.4]",1,1,-2.765469716
05CGGD25,5.948705232,1125.75,0,"(0.086,3.11]","[7.8,41.4]",3,1,-2.274718516
05CGGD26,2.074278592,768.71,1,"[-6.54,-2.07]","(41.4,53.6]",1,2,-2.567721966
05CGGD27,4.004493179,1665.29,1,"(-2.07,0.086]","[7.8,41.4]",2,1,-2.617896718
05CGGD28,4.111291595,1501.73,3,"(-2.07,0.086]","(41.4,53.6]",2,2,-2.561422976
05CGGD29,7.484877,1748.37,10,"(0.086,3.11]","[7.8,41.4]",3,1,-2.366585446
05CGGD31,1.776244452,914.6,2,"[-6.54,-2.07]","(41.4,53.6]",1,2,-2.710884199
05CGGD32,2.492863744,1137.11,0,"[-6.54,-2.07]","(53.6,64.8]",1,3,-2.658150797
05CGGD33,4.37332926,892.42,6,"(-2.07,0.086]","(53.6,64.8]",2,3,-2.307623615
05CGGD34,3.073236272,1012.8,1,"(-2.07,0.086]","(82.1,243]",2,5,-2.516607917
05CGGD35,6.591743383,1464.87,2,"(-2.07,0.086]","[7.8,41.4]",2,1,-2.344840108
05CGGD36,2.960632197,1003.17,2,"[-6.54,-2.07]","(41.4,53.6]",1,2,-2.52870646
05CGGD37,2.983919046,1188.82,1,"(-2.07,0.086]","(53.6,64.8]",2,3,-2.599237624
05CGGD38,3.228836113,831.7,0,"(-2.07,0.086]","(53.6,64.8]",2,3,-2.409231395
05CGGD39,2.852923267,1270.22,1,"[-6.54,-2.07]","[7.8,41.4]",1,1,-2.64761233
05CGGD40,3.220562026,1248.05,0,"(-2.07,0.086]","(41.4,53.6]",2,2,-2.587178182
05CGGD41,3.356789576,1217.09,0,"(0.086,3.11]","(53.6,64.8]",3,3,-2.558199117
05CGGD42,1.330850821,1328.32,2,"[-6.54,-2.07]","(53.6,64.8]",1,3,-2.998737995
05CGGD43,2.88149851,870.56,3,"(-2.07,0.086]","(53.6,64.8]",2,3,-2.478740438
05CGGD44,10.05020923,1505.61,5,"(3.11,5.44]","(41.4,53.6]",4,2,-2.172628677
05CGGD45,4.409499931,1490.85,4,"(0.086,3.11]","(41.4,53.6]",3,2,-2.52775819
05CGGD46,3.72919506,1403.49,3,"[-6.54,-2.07]","(53.6,64.8]",1,3,-2.574438728
05CGGD47,3.922907735,1653.14,7,"(3.11,5.44]","(41.4,53.6]",4,2,-2.623669733
05CGGD48,2.101171521,1380.84,2,"(-2.07,0.086]","(53.6,64.8]",2,3,-2.817020501
05CGGE05,1.151235968,688.47,1,"[-6.54,-2.07]","[7.8,41.4]",1,1,-2.775993851
05CGGE06,5.519564351,922.04,5,"(-2.07,0.086]","[7.8,41.4]",2,1,-2.220237352
05CGGE07,2.884446762,1154.63,4,"(-2.07,0.086]","[7.8,41.4]",2,1,-2.601294017
05CGGE08,7.137100124,1389.37,12,"(-2.07,0.086]","[7.8,41.4]",2,1,-2.287059436
05CGGE09,2.871442798,1069.18,0,"(-2.07,0.086]","[7.8,41.4]",2,1,-2.569782725
05CGGE10,2.586465065,1139.81,5,"(-2.07,0.086]","[7.8,41.4]",2,1,-2.643139222
05CGGE11,1.473891303,827.48,1,"(0.086,3.11]","[7.8,41.4]",3,1,-2.748517803
05CGGE12,4.208464711,1019.77,5,"(-2.07,0.086]","[7.8,41.4]",2,1,-2.382582554
05CGGE13,5.839654755,1363.5,3,"(0.086,3.11]","[7.8,41.4]",3,1,-2.366403961
05CGGE14,4.528090353,1274.27,3,"(3.11,5.44]","[7.8,41.4]",4,1,-2.44780037
05CGGE15,2.898073054,1167.19,3,"(5.44,9.2]","[7.8,41.4]",5,1,-2.603952557
05CGGE16,1.818519055,857.37,0,"(0.086,3.11]","[7.8,41.4]",3,1,-2.672528291
05CGGE17,3.958851999,1369.22,3,"(0.086,3.11]","[7.8,41.4]",3,1,-2.537646465
05CGGE18,3.005719404,1015.85,7,"[-6.54,-2.07]","[7.8,41.4]",1,1,-2.527594245
05CGGE19,2.836893428,1041.88,2,"(-2.07,0.086]","[7.8,41.4]",2,1,-2.563790544
05CGGE20,0.934788734,746.14,0,"(0.086,3.11]","[7.8,41.4]",3,1,-2.901562414
05CGGE21,1.757886203,1210.79,3,"(-2.07,0.086]","[7.8,41.4]",2,1,-2.837447079
05CGGE22,2.494699858,1284.33,1,"(0.086,3.11]","[7.8,41.4]",3,1,-2.710813925
05CGGE23,2.927937059,1040.11,2,"(-2.07,0.086]","[7.8,41.4]",2,1,-2.549293261
05CGGE24,0.501912071,869.15,1,"[-6.54,-2.07]","[7.8,41.4]",1,1,-3.238216227
05CGGE25,2.306702971,1023.35,1,"(-2.07,0.086]","[7.8,41.4]",2,1,-2.646052484
05CGGE26,0.79667964,806.2,1,"[-6.54,-2.07]","[7.8,41.4]",1,1,-3.004729697
05CGGE27,1.941556722,923.06,1,"(-2.07,0.086]","[7.8,41.4]",2,1,-2.676165395
05CGGF01,5.134455864,1224.83,4,"(-2.07,0.086]","(64.8,82.1]",2,4,-2.375757012
05CGGF02,2.309188371,1095.66,4,"(-2.07,0.086]","(64.8,82.1]",2,4,-2.67530017
05CGGF03,3.166780679,965.09,0,"(-2.07,0.086]","(64.8,82.1]",2,4,-2.482522421
05CGGF04,2.159542108,795.19,0,"(0.086,3.11]","(82.1,243]",3,5,-2.564928191
05CGGF05,2.670434554,1209.59,2,"(-2.07,0.086]","(53.6,64.8]",2,3,-2.655096389
05CGGF06,2.127633645,748.6,0,"(-2.07,0.086]","(64.8,82.1]",2,4,-2.545116886
05CGGF07,1.924526967,795.08,2,"(-2.07,0.086]","(64.8,82.1]",2,4,-2.615034324
05CGGF08,1.35053634,910.39,3,"[-6.54,-2.07]","(53.6,64.8]",1,3,-2.828076463
05CGGF09,1.829647779,671.61,1,"(0.086,3.11]","(64.8,82.1]",3,4,-2.563564911
05CGGF10,3.021607089,975.33,1,"(0.086,3.11]","(64.8,82.1]",3,4,-2.507566044
05CGGF11,3.460088883,1086.71,3,"(3.11,5.44]","(64.8,82.1]",4,4,-2.495641407
05CGGF12,5.771327912,1193.04,4,"(5.44,9.2]","(82.1,243]",5,5,-2.313273258
05CGGF13,1.448529806,587.17,1,"(-2.07,0.086]","(53.6,64.8]",2,3,-2.606763708
05CGGF14,2.093592619,605.14,2,"(0.086,3.11]","(64.8,82.1]",3,4,-2.459458556
05CGGF15,5.685054837,904.18,8,"(0.086,3.11]","(64.8,82.1]",3,4,-2.19878098
05CGGF16,1.432799921,777.4,1,"[-6.54,-2.07]","(53.6,64.8]",1,3,-2.733657815
05CGGF17,3.439473496,824.1,1,"(0.086,3.11]","(64.8,82.1]",3,4,-2.377671577
05CGGF18,1.934078403,705.28,1,"(0.086,3.11]","(64.8,82.1]",3,4,-2.560694898
05CGGF19,2.581088934,729.43,2,"(0.086,3.11]","(64.8,82.1]",3,4,-2.449641175
05CGGF20,3.271145674,1547.09,3,"[-6.54,-2.07]","(53.6,64.8]",1,3,-2.673896456
05CGGF21,1.43793291,859.09,2,"[-6.54,-2.07]","(41.4,53.6]",1,2,-2.775572515
05CGGF22,1.608233877,738.85,0,"(-2.07,0.086]","(41.4,53.6]",2,2,-2.661260725
05CGGF23,6.542317514,1398.42,9,"(0.086,3.11]","(53.6,64.8]",3,3,-2.327869454
05CGGF24,1.966998849,695.26,3,"(-2.07,0.086]","(64.8,82.1]",2,4,-2.54711271
05CGGF25,2.642843485,717.54,1,"(0.086,3.11]","(64.8,82.1]",3,4,-2.432172126
05CGGF26,3.454034608,1090.12,8,"(3.11,5.44]","(64.8,82.1]",4,4,-2.49776938
05CGGF27,1.404474117,877.17,1,"(3.11,5.44]","(41.4,53.6]",4,2,-2.794874105
05CGGF28,3.583909774,1287.97,4,"(0.086,3.11]","(53.6,64.8]",3,3,-2.554338526
05CGGF29,4.406739954,1015.55,6,"(0.086,3.11]","(53.6,64.8]",3,3,-2.360695268
05CGGF30,2.294311034,774,1,"(-2.07,0.086]","(64.8,82.1]",2,4,-2.526799408
05CGGF31,2.509142443,832.28,0,"(0.086,3.11]","(64.8,82.1]",3,4,-2.519432861
05CGGF32,4.283665292,1523.92,4,"(3.11,5.44]","(41.4,53.6]",4,2,-2.54992414
05CGGF33,3.213360841,932.95,2,"[-6.54,-2.07]","(53.6,64.8]",1,3,-2.461400449
05CGGF34,2.673280216,792.25,1,"(-2.07,0.086]","(53.6,64.8]",2,3,-2.470349851
05CGGF35,1.546132166,1029.59,1,"(-2.07,0.086]","(41.4,53.6]",2,2,-2.822765032
05CGGF36,3.597132223,904.43,1,"(-2.07,0.086]","(53.6,64.8]",2,3,-2.398687822
